"SN.","Title","Registration Number","Registration Date","Language","Periodicity","Publisher","Owner","Publication State","Publication District"
"501","AAJ SAMAJ","HARHIN/2022/83573","24-02-2023","Hindi","Daily","Rakesh Sharma","GOOD MORNING INDIA MEDIA PVT. LTD.","Haryana","Gurugram"
"502","AAJ SAMAJ","HARHIN/2022/83420","10-02-2023","Hindi","Daily","Rakesh Sharma","GOOD MORNING INDIA MEDIA PVT. LTD.","Haryana","Karnal"
"503","AAJ SAMAJ","HARHIN/2022/83431","10-02-2023","Hindi","Daily","Rakesh Sharma","GOOD MORNING INDIA MEDIA PVT. LTD.","Haryana","Jhajjar"
"504","AAJ SAMAJ","HARHIN/2022/83412","10-02-2023","Hindi","Daily","Rakesh Sharma","GOOD MORNING INDIA MEDIA PVT. LTD.","Haryana","Palwal"
"505","AAJ SAMAJ","HARHIN/2022/83418","10-02-2023","Hindi","Daily","Rakesh Sharma","GOOD MORNING INDIA MEDIA PVT. LTD.","Haryana","Mahendragarh"
"506","AAJ SAMAJ","HARHIN/2022/83417","10-02-2023","Hindi","Daily","Rakesh Sharma","GOOD MORNING INDIA MEDIA PVT. LTD.","Haryana","Panchkula"
"507","AAJ SAMAJ","HARHIN/2022/83424","10-02-2023","Hindi","Daily","Rakesh Sharma","GOOD MORNING INDIA MEDIA PVT. LTD.","Haryana","Jind"
"508","AAJ SAMAJ","HARHIN/2022/83432","10-02-2023","Hindi","Daily","Rakesh Sharma","GOOD MORNING INDIA MEDIA PVT. LTD.","Haryana","Sirsa"
"509","AAJ SAMAJ","HARHIN/2022/83416","10-02-2023","Hindi","Daily","Rakesh Sharma","GOOD MORNING INDIA MEDIA PVT. LTD.","Haryana","Kurukshetra"
"510","AAJ SAMAJ","HARHIN/2022/83409","10-02-2023","Hindi","Daily","Rakesh Sharma","GOOD MORNING INDIA MEDIA PVT. LTD.","Haryana","Yamunanagar"
"511","AAJ SAMAJ","HARHIN/2022/83426","10-02-2023","Hindi","Daily","Rakesh Sharma","GOOD MORNING INDIA MEDIA PVT. LTD.","Haryana","Charki Dadri"
"512","AAJ SE SHAM TAK","UPHIN/2006/22103","10-12-2007","Hindi","Daily","SHYAM PRAKASH CHAURASIYA","SHYAM PRAKASH CHAURASIYA","Uttar Pradesh","Lucknow"
"513","AAJ SHAAM","PUNHIN/2009/27345","30-03-2009","Hindi","Daily","SIMMI SURI","SIMMI SURI","Punjab","Jalandhar"
"514","AAJ SUBAH","DELHIN/2013/49507","07-05-2013","Hindi","Weekly","GULFAM","GULFAM","Delhi","New Delhi"
"515","AAJ TAK 24 SHAHAR KI NAZAR","MPHIN/2021/82688","10-11-2022","Hindi","Daily","CHANDRA SHEKHAR","CHANDRA SHEKHAR","Madhya Pradesh","Bhopal"
"516","AAJ TAK 24 SHAHAR KI NAZAR","MPHIN/2015/60715","11-03-2015","Hindi","Weekly","CHANDRA SHEKHAR","CHANDRA SHEKHAR","Madhya Pradesh","Dhar"
"517","AAJ TAK AAMNE SAAMNE","PUNHIN/2013/54688","21-02-2014","Hindi","Fortnightly","MANDEEP KAUR","MANDEEP KAUR","Punjab","Jalandhar"
"518","AAJ TAK EXPRESS","DELURD/2016/67517","17-06-2016","Urdu","Daily","URFI OBAID","URFI OBAID","Delhi","New Delhi"
"519","AAJ TAK FATEHABAD","HARHIN/2014/58436","26-11-2014","Hindi","Weekly","VIJAY KUMAR","VIJAY KUMAR","Haryana","Fatehabad"
"520","AAJ TAK GURGAON","HARHIN/2012/48353","01-03-2013","Hindi","Weekly","SATBIR BHARDWAJ","SATBIR BHARDWAJ","Haryana","Gurugram"
"521","AAJ TAK HARYANA","HARHIN/2011/38807","06-09-2011","Hindi","Monthly","ANJANI GOYAL","ANJANI GOYAL","Haryana","Sirsa"
"522","AAJ TAK TEHKIKAT","UPHIN/2014/58954","13-12-2014","Hindi","Fortnightly","MOHD SHADAB RIZVI","MOHD SHADAB RIZVI","Uttar Pradesh","Bijnor"
"523","AAJ TAK TRIVENI","HARHIN/2021/88208","26-07-2024","HINDI","Monthly","NARESH KUMAR","NARESH KUMAR","Haryana","Sirsa"
"524","AAJACHA JAN MAN","MAHMAR/2010/33705","22-09-2010","Marathi","Daily","SAVITA BALASAHEB BOTHEPATIL","SAVITA BALASAHEB BOTHEPATIL","Maharashtra","Pune"
"525","AAJACHA LOKPRASHNA","MAHMAR/2006/19615","04-05-2007","Marathi","Daily","MANE DEELIP RAMCHANDRA","MANE DEELIP RAMCHANDRA","Maharashtra","Parbhani"
"526","AAJACHA MAHARASHTRA TOP 10 NEWS","MAHMAR/2023/89424","08-10-2024","MARATHI","Weekly","PRASHANT GANPAT MORE","PRASHANT GANPAT MORE","Maharashtra","Raigad"
"527","AAJACHA MAWALA","MAHMAR/2023/87578","20-06-2024","MARATHI","Weekly","RAHUL BALASAHEB SONAWANE","RAHUL BALASAHEB SONAWANE","Maharashtra","Satara"
"528","AAJACHA MUMBAI MITRA","MAHMAR/2007/22233","20-12-2007","Marathi","Daily","ABHIJEET ASHOK RANE","VAST MEDIA NETWORK PVT. LTD.","Maharashtra","Mumbai"
"529","AAJACHA SATARA SANGLI","MAHMAR/2016/67105","30-05-2016","Marathi","Weekly","MOHAN AKARAM WAGHMARE","MOHAN AKARAM WAGHMARE","Maharashtra","Thane"
"530","AAJACHI RANRAGINI","MHMAR/26/A5365","19-06-2026","Marathi","Weekly","REKHA BASGONDA PATIL","REKHA BASGONDA PATIL","Maharashtra","Kolhapur"
"531","AAJAD HIND TIMES","UTTHIN/2014/57581","01-10-2014","Hindi","Weekly","RAJESHWARI","RAJESHWARI","Uttarakhand","Garhwal"
"532","AAJAKO SANDESH","SIKNEP/2008/23509","07-04-2008","Nepali","Weekly","PEMPA MOKTAN","PEMPA MOKTAN","Sikkim","East Sikkim"
"533","AAJCHA DINKAR","MAHMAR/2003/12411","07-05-2004","Marathi","Daily","NITIN SHYAM JOSHI","NITIN SHYAM JOSHI","Maharashtra","Nashik"
"534","Aajcha Prakashdoot","MHMAR/26/A3455","11-05-2026","Marathi","Daily","Vaishali Nilesh Shimpi","Vaishali Nilesh Shimpi","Maharashtra","Nashik"
"535","AAJCHA TATRAKSHAK","MAHMAR/2001/11206","13-11-2003","Marathi","Weekly","PRAVIN N. DAVANE","PRAVIN N. DAVANE","Maharashtra","Thane"
"536","AAJCHAA PANCHNAAMAA","MHMAR/26/A3274","07-05-2026","Marathi","Weekly","sangita nandkumar kamble","sangita nandkumar kamble","Maharashtra","Nanded"
"537","aajche pravachankar","MHMAR/25/A0785","30-05-2025","Marathi","Weekly","Gangadhar Gulabrao Jamnik","Gangadhar Gulabrao Jamnik","Maharashtra","Palghar"
"538","AAJCHE RAJKARAN","MHBIL/26/A3793","15-05-2026","Hindi, Marathi","Weekly","Ramesh Pandit Sonwane","Ramesh Pandit Sonwane","Maharashtra","Jalgaon"
"539","AAJCHI BATMAY","MAHMAR/2020/83303","31-01-2023","Marathi","Daily","NARENDRA CHINTAMANRAO DESHPANDE","NARENDRA CHINTAMANRAO DESHPANDE","Maharashtra","Amravati"
"540","AAJCHI KHANDESH UNNATI","MAHMAR/2018/76625","31-12-2018","Marathi","Monthly","UJJWALA SHIVAJIRAO THORAT","UJJWALA SHIVAJIRAO THORAT","Maharashtra","Dhule"
"541","AAJCHI NAVI MUMBAI","57139","21-02-2013","MARATHI","Weekly","SANJAY KUMAR DAMODAR SURVE","SANJAY KUMAR DAMODAR SURVE","Maharashtra","Mumbai"
"542","AAJEEVIKA SAHARA","MPHIN/2016/68830","28-09-2016","Hindi","Monthly","SWARNIMA","SWARNIMA","Madhya Pradesh","Bhopal"
"543","AAJI PARJYANTA","ORORI/25/A0332","22-05-2025","Oriya","Weekly","CHITTARANJAN MOHANTY","CHITTARANJAN MOHANTY","Odisha","Puri"
"544","AAJKAAL","37263","18-06-2010","Bengali","Daily","JYOTI PRAKASH KHAN","M/S AAJ KAL PUBLISHERS LTD","West Bengal","Kolkata"
"545","AAJKAAL SUSTHA","70329","31-03-1999","Bengali","Monthly","PRATAP KUMAR ROY","AAJKAAL PUBLISHER LTD.","West Bengal","Kolkata"
"546","AAJKAL GUJARAT","GJGUJ/26/A6667","11-08-2026","Gujarati","Weekly","Chavda Ajay","Chavda Ajay","Gujarat","Ahmedabad"
"547","AAJKAL SAFAR","WBBEN/2000/02132","24-10-2000","Bengali","Monthly","PRATAP KUMAR ROY","AAJKAL PUBLISHERS LTD.","West Bengal","Kolkata"
"548","AAJKER BARRACKPORE","WBBEN/2001/05218","21-02-2012","Bengali","Fortnightly","KAKALI BHATTACHARJEE","KAKALI BHATTACHARJEE","West Bengal","North 24 Parganas"
"549","AAJKER BASUNDHARA","WBBEN/2011/41525","11-04-2012","Bengali","Monthly","BISWAJIT MAHAKUR","JOYGOPALPUR GRAM VIKASH KENDRA","West Bengal","North 24 Parganas"
"550","AAJKER DARPAN","WBBEN/26/A4362","27-05-2026","Bengali","Weekly","GULAM ASHIQUE","GULAM ASHIQUE","West Bengal","Paschim Medinipur"
"551","AAJKER DIN","WBBEN/2010/33403","25-08-2010","Bengali","Fortnightly","SUBHADEEP DEBNATH","SUBHADEEP DEBNATH","West Bengal","North 24 Parganas"
"552","AAJKER DUM DUM TIMES","WBBEN/2015/64800","17-11-2015","Bengali","Monthly","BISWANATH BANIK","BISWANATH BANIK","West Bengal","North 24 Parganas"
"553","AAJKER KAGAJ","TRIBEN/2015/62921","25-06-2015","BENGALI","Daily","DEBASISH MAJUMDER","DEBASISH MAJUMDER","Tripura","West Tripura"
"554","AAJKER NARI","WBBEN/2012/50068","03-06-2013","Bengali","Fortnightly","DILIP SARKAR","DILIP SARKAR","West Bengal","North 24 Parganas"
"555","Aajker Salt Lake","WBBIL/26/A6700","12-08-2026","Bengali, English","Fortnightly","Gourishankar Pal","Gourishankar Pal","West Bengal","North 24 Parganas"
"556","AAJKER SHREE","WBBEN/2013/55511","02-05-2014","Bengali","Bimonthly (Once in two months)","SUBHADEEP BAKSI","SUBHADEEP BAKSI","West Bengal","North 24 Parganas"
"557","AAJKER SWARUPNAGAR","WBBEN/2020/80162","13-09-2021","Bengali","Fortnightly","SYED REZWENUL HABIB","SYEDA DILSABIYA HABIB","West Bengal","North 24 Parganas"
"558","AAJNO YUG","GUJGUJ/2013/52866","30-10-2013","Gujarati","Daily","FALGUN M. THAKKAR","FALGUN M. THAKKAR","Gujarat","Rajkot"
"559","AAJNO YUG","GUJGUJ/2009/32579","25-07-2014","Gujarati","Daily","FALGUN M. THAKKAR","FALGUN M. THAKKAR","Gujarat","Ahmedabad"
"560","AAJNO YUG","GUJGUJ/2006/18483","25-07-2014","Gujarati","Weekly","FALGUN M. THAKKAR","FALGUN M. THAKKAR","Gujarat","Ahmedabad"
"561","AAJTALAK","DELHIN/2013/51789","03-09-2013","Hindi","Fortnightly","SUKHVINDER SINGH JAURA","SUKHVINDER SINGH JAURA","Delhi","New Delhi"
"562","AAKALAN","MAHMAR/2014/59985","03-02-2015","Marathi","Quarterly","BHONGLE RANGRAO JANGLAJI","BHONGLE RANGRAO JANGLAJI","Maharashtra","Mumbai"
"563","AAKANKSHA TIMES","UPHIN/2008/24045","23-05-2008","Hindi","Weekly","RAMAKANT TRIPATHI","RAMAKANT TRIPATHI","Uttar Pradesh","Prayagraj"
"564","AAKANSHA SAMWAD","57499","10-11-1993","Hindi","Fortnightly","LAXMI RANA","SMT. LAXMI  RANA","Uttar Pradesh","Kanpur Nagar"
"565","AAKARSH BULLETIN","UPHIN/2015/62304","01-06-2015","Hindi","Weekly","VINEETA RANI GUPTA","VINEETA RANI GUPTA","Uttar Pradesh","Lucknow"
"566","AAKARSHAN","MAHMAR/2021/84322","18-05-2023","Marathi","Daily","VIJAY SHAMRAO SANGLE","VIJAY SHAMRAO SANGLE","Maharashtra","Ahilyanagar"
"567","AAKARTI PATH","MPHIN/26/A6922","14-08-2026","Hindi","Monthly","PRAYAG PARASHAR","PRAYAG PARASHAR","Madhya Pradesh","Bhopal"
"568","AAKASH BRISTI","WBBEN/2015/74587","08-02-2018","Bengali","Monthly","SANKALITA BANERJEE","SANKALITA BANERJEE","West Bengal","North 24 Parganas"
"569","AAKASH CRIME INDIA","UPHIN/2015/64697","09-11-2015","Hindi","Weekly","SHRIKANT DWIVEDI","SHRIKANT DWIVEDI","Uttar Pradesh","Lucknow"
"570","AAKASH DEEP","MAHMAR/2013/48542","12-03-2013","Marathi","Weekly","SHRIDHAR VITTHAL YELMAR","SHRI SHRIDHAR VITTHAL YELMAR","Maharashtra","Solapur"
"571","AAKASH KA SITARA","63074","02-02-1996","Hindi","Fortnightly","ABDUL KADER","ABDUL KADER","Rajasthan","Kota"
"572","AAKASH KI LAHAR","MPHIN/2021/80736","14-12-2021","Hindi","Monthly","LAXMI AHIRVAR","LAXMI AHIRVAR","Madhya Pradesh","Bhopal"
"573","AAKASH MAIL","MPHIN/2010/36078","10-03-2011","Hindi","Daily","NITIN DESHMUKH","NITIN DESHMUKH","Madhya Pradesh","Bhopal"
"574","AAKASH NEWS","DELHIN/2012/47625","24-01-2013","Hindi","Weekly","BRIJ RAJ MAURYA","BRIJ RAJ MAURYA","Delhi","New Delhi"
"575","AAKASH SPORTS","DELENG/2010/34936","28-12-2010","English","Monthly","ISHWAR SINGH","ISHWAR SINGH","Delhi","New Delhi"
"576","AAKASHAM","TELTEL/2015/62885","25-06-2015","Telugu","Daily","Anu Sharma","Anu Sharma","Telangana","Hyderabad"
"577","AAKHAR SAMACHAR","UTTHIN/2005/15769","08-09-2010","Hindi","Fortnightly","BHANU KALA","BHANU KALA","Uttarakhand","Dehradun"
"578","AAKHIR KAB TAK","UPHIN/2002/08870","03-02-2003","Hindi","Monthly","JAGDISH NARAIN SHUKLA","KIDS KINGDOM SOCIETY","Uttar Pradesh","Lucknow"
"579","AAKHIRI DUNIYA","57487","01-11-1993","Hindi","Fortnightly","SHAKIL AHMED AYYUBI","SHAKIL AHMED AYYUBI","Uttar Pradesh","Lakhimpur Kheri"
"580","AAKHIRI SAUGAT","68379","27-05-1998","Hindi","Weekly","DEVI SINGH","DEVI SINGH","Madhya Pradesh","Bhopal"
"581","AAKHIRI SUTRA","UPHIN/2008/26709","05-01-2009","Hindi","Daily","RAJEEV SHUKLA","RAJEEV SHUKLA","Uttar Pradesh","Lucknow"
"582","AAKHIRI SUTRA","UPHIN/2004/14694","07-06-2005","Hindi","Monthly","RAJIV SHUKLA","RAJEEV SHUKLA","Uttar Pradesh","Lucknow"
"583","AAKHRI AANSU","UPHIN/2010/32005","22-04-2010","Hindi","Monthly","VIVEK SRIVASTAVA","VIVEK SRIVASTAVA","Uttar Pradesh","Fatehpur"
"584","AAKHRI ANJAM","UPHIN/2011/44063","13-07-2012","Hindi","Daily","RAFIQ R. RASHIDI","RAFIQ R. RASHIDI","Uttar Pradesh","Lucknow"
"585","AAKHRI ANJAM","UPHIN/2011/36822","24-07-2012","Hindi","Monthly","RAFIQ R. RASHIDI","RAFIQ R. RASHIDI","Uttar Pradesh","Lucknow"
"586","AAKHRI CHATTAN","71583","08-09-1999","Urdu","Fortnightly","S.H. SHAMS HIJAZI","S.H.SHAMS HIJAZI","Delhi","New Delhi"
"587","AAKHRI CHATTAN","DELHIN/2011/36689","08-04-2011","Hindi","Fortnightly","S.H. SHAMS HIJAZI","S.H. SHAMS HIJAZI","Delhi","New Delhi"
"588","AAKHRI DAAV","CTHIN/25/A4097","19-11-2025","Hindi","Weekly","Vijay tiwari","Vijay tiwari","Chhattisgarh","Rajnandgaon"
"589","AAKHRI SAHARA","UPHIN/2013/52921","04-11-2013","Hindi","Weekly","MOHD. TAUFEEQ KHAN","MOHD. TAUFEEQ KHAN","Uttar Pradesh","Lucknow"
"590","AAKHU AVALOKAN","GJGUJ/25/A1801","11-07-2025","Gujarati","Weekly","JADEJA SHUBHRAJSINH DANUBHA","JADEJA SHUBHRAJSINH DANUBHA","Gujarat","Jamnagar"
"591","AAKIF KI MEHFIL","68857","10-12-2012","Urdu","Monthly","RASHEEDA ZAFAR","RASHEEDA ZAFAR","Delhi","New Delhi"
"592","AAKLAN","40681","20-09-1983","Hindi","Weekly","VIRENDRA KUMAR THAKUR","VINRENDRA KUMAR","Delhi","New Delhi"
"593","AAKRAMAN TIMES","MHMAR/26/A5623","01-07-2026","Marathi","Weekly","NILESH LAXMANRAO MESHRAM","NILESH LAXMANRAO MESHRAM","Maharashtra","Amravati"
"594","AAKRITI TIME","MPHIN/2017/73038","24-08-2017","Hindi","Quarterly","SAPNA SHARMA","SAPNA SHARMA","Madhya Pradesh","Bhopal"
"595","AAKRITI VICHAR","UPHIN/2021/83212","31-01-2023","Hindi","Weekly","GYANWATI DIXIT","GYANWATI DIXIT","Uttar Pradesh","Lucknow"
"596","AAKROSH","DNHHIN/2013/59168","24-12-2014","Hindi","Weekly","RAJAN KUMAR","RAJAN KUMAR","Dadra & Nagar Haveli","Dadra & Nagar Haveli"
"597","AAKSHAT PATRIKA","WBHIN/2021/81708","03-08-2022","Hindi","Bimonthly (Once in two months)","SUREENDRA BOTHRA","SUREENDRA BOTHRA","West Bengal","Paschim Bardhaman"
"598","AALAM EXPRESS","UPHIN/2014/57362","19-09-2014","Hindi","Weekly","EJAJ ALAM KHAN","EJAJ ALAM KHAN","Uttar Pradesh","Basti"
"599","AALAM KI PUKAR","UPHIN/2009/29896","02-12-2009","Hindi","Weekly","JAVED ALAM KHAN","JAVED ALAM KHAN","Uttar Pradesh","Basti"
"600","AALAM-E-JADEED","MAHURD/2023/87327","20-05-2024","Urdu","Weekly","SHAIKH ABDUL MAJED","SHAIKH ABDUL MAJED","Maharashtra","Chhatrapati Sambhaji Nagar"
"601","AALAM-E-TASVEER","UTTBIL/2009/32571","07-06-2010","Hindi, Urdu","Daily","JUNED HASAN","JUNED HASAN","Uttarakhand","Dehradun"
"602","AALAMI AWAAZ","DELURD/2011/38785","06-09-2011","Urdu","Monthly","MOHD. NAQI","MOHD. NAQI","Delhi","New Delhi"
"603","AALAMI MANZAR","MPURD/2020/79133","03-12-2020","Urdu","Monthly","SHAZIA AKHTAR","SHAZIA AKHTAR","Madhya Pradesh","Bhopal"
"604","AALAMI SAFEER","DELURD/2013/50782","10-07-2013","Urdu","Daily","AFSHEEN","AFSHEEN","Delhi","New Delhi"
"605","AALAMI SAHAFAT","DELURD/2012/61825","07-05-2015","Urdu","Daily","SYED AFZAL HUSAIN","SYED AFZAL HUSAIN","Delhi","New Delhi"
"606","Aalami Waqar","BHURD/25/A3639","30-10-2025","Urdu","Daily","Md Afzal Alam","Md Afzal Alam","Bihar","Patna"
"607","AALAMI ZUBAAN","MPURD/2016/71568","05-05-2017","Urdu","Fortnightly","SHABNAM","AFAQ SAFI","Madhya Pradesh","Vidisha"
"608","AALAMI-WUJOOD","DELURD/2007/21861","13-11-2007","Urdu","Daily","SOHAIL KHAN","SOHAIL KHAN","Delhi","New Delhi"
"609","AALAP","32905","02-03-1978","Bengali","Quarterly","SWAPAN RAY","RENU CHAKRABORTY","West Bengal","Kolkata"
"610","AALAYADARSHINI","APTEL/2012/44604","08-08-2012","Telugu","Monthly","M. VENKATA RATNAM","M. VENKATA RATNAM","Telangana","Rangareddy"
"611","AALEKH SAMACHAR","GJGUJ/26/A5511","25-06-2026","Gujarati","Weekly","PATANVADIYA ANKITA KIRANBHAI","PATANVADIYA ANKITA KIRANBHAI","Gujarat","Bharuch"
"612","AALEKH VICHAR","UPHIN/2021/82012","05-09-2022","Hindi","Daily","ANURAG TIWARI","ANURAG TIWARI","Uttar Pradesh","Lucknow"
"613","Aalekhan Gujarat","GJGUJ/26/A3665","13-05-2026","Gujarati","Weekly","Pandit Mukeshkumar Chandulal","Pandit Mukeshkumar Chandulal","Gujarat","Bhavnagar"
"614","Aalimi Nation","JKBIL/26/A4603","03-06-2026","English, Urdu","Monthly","Tariq Ahmad Bhat","AALIMI NEWS NETWORK PRIVATE LIMITED","Jammu and Kashmir","Srinagar"
"615","AALISHAN DHWAJ","MPHIN/2014/62190","27-05-2015","Hindi","Weekly","SHOHARAB HUSAIN SIDDIKI","SHOHARAB HUSAIN SIDDIKI","Madhya Pradesh","Mandsaur"
"616","AALISHAN TIME","DELHIN/2006/18109","09-01-2007","Hindi","Half Yearly","YASH PAL CHAUHAN","YASH PAL CHAUHAN","Delhi","New Delhi"
"617","AALLA SANDESH","DELHIN/2003/13117","03-09-2004","Hindi","Daily","HARJEET KAUR","HARJEET KAUR","Delhi","New Delhi"
"618","AALMI DARPAN","BIHURD/2013/51212","31-07-2013","URDU","Daily","MOHAMMAD ZAKIR HUSSAIN","MOHAMMAD ZAKIR HUSSAIN","Bihar","Patna"
"619","AALMI JUNG","UPURD/2010/30580","22-01-2010","Urdu","Daily","SADAF AKHTAR","KAPHY VOICE MEDIA PRIVATE LIMITED","Uttar Pradesh","Aligarh"
"620","AALMI JUNG","HARURD/2009/27487","17-04-2009","Urdu","Daily","SADAF AKHTAR","KAPHY VOICE MEDIA PRIVATE LIMITED","Haryana","Sonipat"
"621","AALMI JUNG","DELURD/2008/24986","12-08-2008","Urdu","Weekly","SADAF AKHTAR","KAPHY VOICE MEDIA PRIVATE LIMITED","Delhi","New Delhi"
"622","AALMI JUNG","HARURD/2012/47340","07-01-2013","Urdu","Daily","SADAF AKHTAR","KAPHY VOICE MEDIA PRIVATE LIMITED","Haryana","Panipat"
"623","AALMI MEERAS","MAHURD/2019/81467","09-05-2022","Urdu","Quarterly","SUBHASH CHANDER AIMA","SUBHASH CHANDER AIMA","Maharashtra","Pune"
"624","AALMI NAZAARA","UPURD/2016/69460","06-12-2016","Urdu","Daily","S.M. AFROZ WASI RIZVI","SM AFROZ WASI RIZVI","Uttar Pradesh","Lucknow"
"625","AALMI QAYADAT","DELURD/2013/52599","15-10-2013","Urdu","Daily","TANWEER AHMAD","TANWEER AHMAD","Delhi","New Delhi"
"626","AALMI RUKH","UPHIN/2010/36005","07-03-2011","Hindi","Monthly","MOHD. ZAHID AKHTAR","MOHD. ZAHID AKHTAR","Uttar Pradesh","Lucknow"
"627","AALMI RUKH","UPURD/2015/67346","03-06-2016","Urdu","Daily","DEEPA SONKAR","MOHAMMAD ZAHID AKHTAR","Uttar Pradesh","Lucknow"
"628","AALMI SAIYYARA","UPURD/2016/67160","03-06-2016","Urdu","Weekly","IRSHAD BEG","IRSHAD BEG","Uttar Pradesh","Lucknow"
"629","AALMI SAIYYARA","UPHIN/2016/67163","01-06-2016","Hindi","Weekly","IRSHAD BEG","IRSHAD BEG","Uttar Pradesh","Lucknow"
"630","AALMI SITARA","UPURD/2015/61957","19-05-2015","Urdu","Daily","ASMA KALAM","ASMA KALAM","Uttar Pradesh","Lucknow"
"631","AALMI WAJOOD","DELURD/2003/10957","13-10-2003","Urdu","Monthly","SOHAIL KHAN","SOHAIL KHAN","Delhi","New Delhi"
"632","AALMI WAQAYAT","APURD/2010/33129","02-08-2010","Urdu","Daily","GULAM ABBAS KHAN","GULAM ABBAS KHAN","Andhra Pradesh","Hyderabad"
"633","AALOCHINCHU","APTEL/2016/69860","02-01-2017","Telugu","Daily","PADALA SRIHARI REDDY","PADALA SRIHARI REDDY","Andhra Pradesh","East Godavari"
"634","AALOK PRAVANJYAN","ASSASS/2010/34213","11-11-2010","Assamese","Twice a week","SANKAR GOHAIN","SANKAR GOHAIN","Assam","Kamrup"
"635","AALOMOYEE","WBBEN/2019/78426","20-01-2020","Bengali","Fortnightly","SUJAY KUMAR GUHA","SUJAY KUMAR GUHA","West Bengal","Kolkata"
"636","AALOO SANDESH","UPHIN/2018/78527","04-03-2020","Hindi","Weekly","SOHIT KUMAR KATIYAR","SOHIT KUMAR KATIYAR","Uttar Pradesh","Kanpur Nagar"
"637","AALUMAI SIRPI","TNBIL/2007/24249","30-05-2008","English, Tamil","Monthly","M. GNANA SEKAR","M/S VITAL INNOVATIVE AND TRANSFORMATIVE ACTION FOR LIFE (TRUST)","Tamil Nadu","Chennai"
"638","Aalumkatchi Arasuu Seithii","TNTAM/26/A6580","10-08-2026","Tamil","Fortnightly","Balachander K S","Balachander K S","Tamil Nadu","Chennai"
"639","AAM AADMEE EK AAM INSAAN KI SOCH","CHHHIN/2013/50684","05-07-2013","Hindi","Monthly","UMESH KUMAR BANSHI","UMESH KUMAR BANSHI","Chhattisgarh","Raipur"
"640","AAM AADMI DI TAQAT","PUNPUN/2021/84966","09-06-2023","Punjabi","Weekly","MAHESH JINDAL","MAHESH JINDAL","Punjab","Sangrur"
"641","AAM AADMI SAMACHAR","DLHIN/25/A3534","28-10-2025","Hindi","Daily","KAJAL KASHYAP","KAJAL KASHYAP","Delhi","New Delhi"
"642","AAM ADMI","KARKAN/2016/72314","22-06-2017","Kannada","Daily","M.S. ERSHAD UR RAHAMAN","M.S.ERSHAD UR RAHAMAN","Karnataka","Chitradurga"
"643","AAM ADMI KA SIPAHI","UPHIN/2010/34870","16-05-2011","Hindi","Weekly","NEERAJ SHARMA","NEERAJ SHARMA","Uttar Pradesh","Bara Banki"
"644","AAM AWAZ","DELBIL/2013/52542","10-10-2013","Hindi, Urdu","Weekly","ASIF KHAN","ASIF KHAN","Delhi","New Delhi"
"645","AAM AWAZ TIMES","DELHIN/2016/66952","19-05-2016","Hindi","Daily","ASIF KHAN","ASIF KHAN","Delhi","New Delhi"
"646","AAM BOL CHAAL NEWS","UPHIN/2016/68454","27-08-2016","Hindi","Weekly","MOHD. IRSHAD","MOHD IRSHAD","Uttar Pradesh","Lucknow"
"647","AAM DHARA","UPHIN/26/A1565","16-03-2026","Hindi","Daily","PARTIMA","PARTIMA","Uttar Pradesh","Siddharthnagar"
"648","AAM FIKRA","UPHIN/2022/84151","04-05-2023","Hindi","Weekly","PARTIMA","PARTIMA","Uttar Pradesh","Siddharthnagar"
"649","AAM JANATA","MHBIL/25/A0652","29-05-2025","Marathi, Hindi","Weekly","CHAITALI HARSHAL KALE","CHAITALI HARSHAL KALE","Maharashtra","Wardha"
"650","AAM JANATA","46513","16-03-1988","Gujarati","Weekly","CHATURBHAI HIRALAL PATEL","CHATURBHAI HIRALAL PATEL","Gujarat","Patan"
"651","AAM JANMANAS","MPHIN/2023/88332","02-08-2024","HINDI","Monthly","MANSVI SAHU","MANSVI SAHU","Madhya Pradesh","Bhopal"
"652","AAM JANMANAS","MPHIN/26/A2645","17-04-2026","HINDI","Quarterly","MANSVI SAHU","MANSVI SAHU","Madhya Pradesh","Bhopal"
"653","AAM JANTA KI BHUMIKA","MPHIN/2023/90284","09-12-2024","HINDI","Monthly","ARJUN SURYAVANSHI","ARJUN SURYAVANSHI","Madhya Pradesh","Ujjain"
"654","AAM MAT","RAJHIN/2013/47799","01-02-2013","Hindi","Fortnightly","VIJAY SHARMA","VIJAY SHARMA","Rajasthan","Jaipur"
"655","AAM NAAGRIK VICHAR","CHHHIN/2023/87493","12-06-2024","HINDI","Monthly","MMK AZAD","MMK AZAD","Chhattisgarh","Durg"
"656","AAM NAGRIK","MPHIN/2023/89636","15-10-2024","HINDI","Monthly","NIKKI SHAKYA","NIKKI SHAKYA","Madhya Pradesh","Gwalior"
"657","AAM PARIVARTAN","MPHIN/2014/57539","01-10-2014","Hindi","Daily","VIMAL KUMAR JAIN","AAM PARIVARTAN","Madhya Pradesh","Neemuch"
"658","AAM RAI","UTTHIN/2014/59669","20-01-2015","Hindi","Weekly","RAJENDRA SINGH NEGI","RAJENDRA SINGH NEGI","Uttarakhand","Haridwar"
"659","AAM RAI","UTTHIN/2011/37254","13-05-2011","Hindi","Weekly","RAJENDRA SINGH NEGI","RAJENDRA SINGH NEGI","Uttarakhand","Dehradun"
"660","AAM SABHA","58819","14-12-1994","Hindi","Daily","ARVIND SINGH","ARVIND SINGH","Madhya Pradesh","Bhopal"
"661","AAM SABHA","MPHIN/26/A5028","12-06-2026","Hindi","Daily","Arvind Singh","Arvind Singh","Madhya Pradesh","Ujjain"
"662","Aam Sabha","CTHIN/26/A5633","01-07-2026","Hindi","Daily","Arvind Singh","Arvind Singh","Chhattisgarh","Raipur"
"663","AAM SABHA","MPHIN/25/A3970","17-11-2025","Hindi","Daily","Arvind Singh","Arvind Singh","Madhya Pradesh","Hoshangabad"
"664","AAM SABHA","MPHIN/2019/77487","17-06-2019","Hindi","Daily","ARVIND SINGH","ARVIND SINGH","Madhya Pradesh","Gwalior"
"665","AAM SANGHARSH TIMES","67575","22-01-1998","Marathi","Daily","SAHURAJ AMBAJI SALUNKE","SALUNKE SHAHURAJ AMBAJI","Maharashtra","Dharashiv"
"666","AAM SANGHARSHSA TIMES","66356","06-02-1994","Marathi","Weekly","SALUNKE SHAHURAJ AMBAJIROA","SALUNKE SHAHURAJ AMBAJIROA","Maharashtra","Dharashiv"
"667","AAMA GARJAN","ORORI/26/A1769","20-03-2026","Oriya","Fortnightly","DINABANDHU MALLIK","DINABANDHU MALLIK","Odisha","Khordha"
"668","AAMA ODISHA","ORORI/25/A0663","29-05-2025","Oriya","Weekly","SOUMYA RANJAN PATNAIK","SOUMYA RANJAN PATNAIK","Odisha","Khordha"
"669","AAMA PANCHABATEE","ODIODI/2008/25381","02-09-2008","Oriya","Monthly","HEMANTA NAYAK","HEMANTA NAYAK","Odisha","Khordha"
"670","AAMACHI BATMI","MAHMAR/2021/80638","29-03-2022","Marathi","Weekly","SAPNA GULABCHANDRA YADAV","SAPNA GULABCHANDRA YADAV","Maharashtra","Thane"
"671","AAMACHO DANTEVADA","CTHIN/26/A3429","11-05-2026","Hindi","Monthly","SAMANT SAHU","SAMANT SAHU","Chhattisgarh","Raipur"
"672","AAMAR KAGAJ","WBBEN/2014/59852","29-01-2015","Bengali","Weekly","DEBASIS CHOWDHURY","DEBASIS CHOWDHURY","West Bengal","Paschim Medinipur"
"673","Aamar Khabar Birbhum","WBBEN/25/A2423","08-09-2025","Bengali","Fortnightly","MUNTAJ RAHAMAN","MUNTAJ RAHAMAN","West Bengal","Birbhum"
"674","AAMAR KOLKATA","WBBEN/25/A2070","04-08-2025","Bengali","Monthly","SWAPAN KUMAR MONDAL","SWAPAN KUMAR MONDAL","West Bengal","South 24 Parganas"
"675","AAMAR NALBARI","64204","30-09-1996","Assamese","Weekly","SMT.J.SWARGIARY","SMT.J. SWARGIARY","Assam","Nalbari"
"676","Aamar Prayas","ORORI/26/A1298","19-02-2026","Oriya","Daily","Jyotirmaya Panda","Jyotirmaya Panda","Odisha","Khordha"
"677","AAMCHA ABHIMAN","MAHMAR/2015/65667","20-01-2016","Marathi","Daily","RAJENDRA KUMAR BABURAO HOLKAR","RAJENDRA KUMAR BABURAO HOLKAR","Maharashtra","Beed"
"678","AAMCHA DOLA","MAHMAR/2014/57959","27-10-2014","Marathi","Weekly","DILIP JAYRAM SALUNKE","DILIP JAIRAM SALUNKE","Maharashtra","Dhule"
"679","AAMCHA MAHA SANDESH","MHMAR/26/A3292","08-05-2026","Marathi","Weekly","GORAKH SHANTWAN KHANDARE","GORAKH SHANTWAN KHANDARE","Maharashtra","Chhatrapati Sambhaji Nagar"
"680","AAMCHA SHIVSURYA","MAHMAR/2023/89447","14-10-2024","MARATHI","Weekly","DHANVE SANGRAM SAMBHAJI","DHANVE SANGRAM SAMBHAJI","Maharashtra","Beed"
"681","AAMCHEE LOKASHAHI","MAHMAR/2023/87612","25-06-2024","MARATHI","Monthly","SYED SHAKIB SYED JAVED","SYED SHAKIB SYED JAVED","Maharashtra","Yavatmal"
"682","AAMCHI MUMBAI","MAHMAR/2011/40211","28-12-2011","Marathi","Daily","ARUN KUMAR SINGH","ARUN KUMAR SINGH","Maharashtra","Thane"
"683","AAMCHI RAJNEETI","MAHMAR/2023/87550","19-06-2024","MARATHI","Weekly","LAKHAN MUKESH WAGHELA","LAKHAN MUKESH WAGHELA","Maharashtra","Palghar"
"684","AAMCHO CHHATTISGARH","CHHMUL/2023/88534","16-08-2024","MULTILINGUAL","Monthly","SUDHIR AAZAAD TAMBOLI","SUDHIR AAZAAD TAMBOLI","Chhattisgarh","Raipur"
"685","AAMDWAR PRERNA","MPHIN/2019/77324","10-05-2019","Hindi","Daily","RAMAKANTA MEENA","RAMAKANTA MEENA","Madhya Pradesh","Bhopal"
"686","AAMHI BHARATIYA","MAHMAR/2022/84060","01-05-2023","Marathi","Weekly","DINESH SOMA BODHIRAJ","DINESH SOMA BODHIRAJ","Maharashtra","Mumbai"
"687","AAMHI CHIKHLIKAR","MAHMAR/2018/76495","06-12-2018","Marathi","Daily","CHHOTU SUDHAKAR KAMBLE","CHHOTU SUDHAKAR KAMBLE","Maharashtra","Buldhana"
"688","AAMHI PARLEKAR","54781","10-08-1992","Marathi","Monthly","D A CHANDEKAR","SANKET PRAKASHAN","Maharashtra","Mumbai"
"689","AAMHI SARE BRAHMAN","MAHMAR/2011/36080","10-03-2011","Marathi","Fortnightly","BHALCHANDRA KULKARNI","OEM EKVIRA MEDIA PVT.LTD.","Maharashtra","Pune"
"690","AAMHI UDYOJIKA","MAHMAR/2007/18973","02-04-2007","Marathi","Monthly","ABDULRAJAK IBRAHIM MUJAWAR","ABDULRAJAK IBRAHIM MUJAWAR","Maharashtra","Sangli"
"691","Aamhi Vatan Dar","MHMAR/26/A0931","06-02-2026","Marathi","Twice a week","Deepak Kashinath Sonawane","Deepak Kashinath Sonawane","Maharashtra","Nashik"
"692","AAMI ASOMOR JANAGAN","ASSASS/2014/56968","05-09-2014","Assamese","Daily","SHYAM BABU SINHA","SHYAM KISHORE SINHA","Assam","Kamrup Metropolitan"
"693","AAMI ASOMOR JANAGAN","ASSASS/2017/74079","06-12-2017","Assamese","Daily","SHYAM BABU SINHA","SHYAM KISHORE SINHA","Assam","Jorhat"
"694","AAMIN","GUJGUJ/2000/03146","28-03-2001","Gujarati","Monthly","PATHAN FIROZKHAN","FORUM FOR SOCIAL JUSTICS","Gujarat","Ahmedabad"
"695","AAMIR EXPRESS","67913","18-03-1998","Hindi","Daily","SAYED HAMEED ALI","SYED HAMID ALI","Delhi","New Delhi"
"696","AAMJAN KI AWAZ","RAJHIN/2012/43252","22-06-2012","Hindi","Fortnightly","KULDEEP AGRWAL","KULDEEP AGRAWAL","Rajasthan","Chittorgarh"
"697","Aamjan Minds","DLHIN/26/A3672","13-05-2026","Hindi","Monthly","amiya kumar sabat","AAM JAN MEDIA PRIVATE LIMITED","Delhi","West Delhi"
"698","AAMJAN NEWS","UPHIN/2011/38174","11-07-2011","Hindi","Weekly","RAMESH KUMAR","RAMESH KUMAR","Uttar Pradesh","Lalitpur"
"699","AAMNA SAMNA","UPURD/2015/60306","19-02-2015","Urdu","Daily","BINTE ZEHRA","BINTE ZAHRA","Uttar Pradesh","Lucknow"
"700","AAMNE SAMNE","MAHMAR/2021/81386","13-04-2022","Marathi","Weekly","YASH PRASHANT PALVE","YASH PRASHANT PALVE","Maharashtra","Jalgaon"
"701","AAMON DHAN","WBBEN/25/A2650","18-09-2025","Bengali","Bi-Annual","Sanjoy Kumar Sarkar","Sanjoy Kumar Sarkar","West Bengal","Kolkata"
"702","AAMRAVAN TIMES","UPHIN/2002/06882","24-06-2002","Hindi","Weekly","ANITA SAINI","ANITA SAINI","Uttar Pradesh","Lucknow"
"703","AAMSABHA","MAHMAR/2012/47070","18-12-2012","Marathi","Weekly","PRAVEEN GOPALRAO GATHE","PRAVEEN GOPALRAO GATHE","Maharashtra","Wardha"
"704","AAMUKH","MPHIN/2023/84964","14-06-2023","Hindi","Monthly","PREETI SINGH","PREETI  SINGH","Madhya Pradesh","Bhopal"
"705","AAMUKH","MPHIN/2023/90631","09-04-2025","Hindi","Quarterly","PREETI SINGH","PREETI SINGH","Madhya Pradesh","Bhopal"
"706","AAMUKHAM MALAYALAM","KLMAL/26/A1552","16-03-2026","Malayalam","Monthly","BABU K V","BABU K V","Kerala","Kottayam"
"707","AANAND APRADH","UPHIN/2009/31759","01-04-2010","Hindi","Monthly","ADARSH KUMAR SINHA","ADARSH KUMAR SINHA","Uttar Pradesh","Azamgarh"
"708","AANAND PUBLIC","UPHIN/2009/32389","26-05-2010","Hindi","Daily","RAJESH VERMA","RAJESH VERMA","Uttar Pradesh","Mahrajganj"
"709","AANANDA BANGLA","WBBEN/2012/49533","08-05-2013","Bengali","Daily","MD. FARIDUL ZAMAN","MD. FARIDUL ZAMAN","West Bengal","Purba Bardhaman"
"710","AANANDA ILLAM","TNTAM/2021/88046","25-07-2024","TAMIL","Monthly","V.R.MANOGAREN","V.R.MANOGAREN","Tamil Nadu","Chennai"
"711","AANANDI DARPAN","UPHIN/2009/30311","07-01-2010","Hindi","Weekly","ABHAY KUMAR SRIVASTAVA","ABHAY KUMAR SRIVASTAVA","Uttar Pradesh","Lucknow"
"712","Aanant anaadi","UPHIN/26/A0189","02-01-2026","Hindi","Quarterly","Sumit Rai","Sumit Rai","Uttar Pradesh","Deoria"
"713","Aanant avinaashee","UPHIN/25/A3376","21-10-2025","Hindi","Daily (Monday To Friday)","KUSUM YADAV","KUSUM YADAV","Uttar Pradesh","Azamgarh"
"714","AANANTHA BAIRAVI","TNTAM/2023/87605","20-06-2024","TAMIL","Monthly","M.SIVA","M.SIVA","Tamil Nadu","Perambalur"
"715","AANCHAL KI DAIRY","MPHIN/2009/28486","05-07-2012","Hindi","Weekly","SANJAY JAIN","SANJAY JAIN","Madhya Pradesh","Raisen"
"716","AANCHALIK PATRAKAR","MPHIN/2004/12178","22-03-2004","Hindi","Monthly","VIJAYDUTT SRIDHAR","VIJAYDUTT SRIDHAR","Madhya Pradesh","Bhopal"
"717","AANCHALIK SACH","UPHIN/2022/86084","11-01-2024","Hindi","Weekly","ANISHA MISHRA","ANISHA MISHRA","Uttar Pradesh","Ballia"
"718","AANCHALIK SANDESH","DELHIN/2017/72466","11-07-2017","Hindi","Weekly","PAWAN YADAV","DINESH YADAV","Delhi","New Delhi"
"719","AANCHALIK SHABD VARTA","MPHIN/1998/01341","10-07-2000","Hindi","Daily","PRADEEP SAMADHIYA","PRADEEP SAMADHIYA","Madhya Pradesh","Sehore"
"720","AANDATA KI SAMRIDHI","CHHHIN/2023/88494","27-08-2024","HINDI","Monthly","ANURAG SHRIVASTAVA","ANURAG SHRIVASTAVA","Chhattisgarh","Raipur"
"721","AANDATA KI SAMRIDHI","MPHIN/26/A4238","25-05-2026","Hindi","Monthly","ANURAG SHRIVASTAVA","ANURAG SHRIVASTAVA","Madhya Pradesh","Bhopal"
"722","AANDHI","35304","01-01-1979","Hindi","Weekly","MANITA KAUR","MANITA KAUR","Rajasthan","Jhalawar"
"723","AANDHI AUR TOOFAN","GUJGUJ/2000/02466","31-01-2012","Gujarati","Weekly","KIRTIKUMAR A.VYAS","KIRTIKUMAR A.VYAS","Gujarat","Ahmedabad"
"724","AANDHI AUR TOOFAN","GUJGUJ/2011/49780","21-05-2013","Gujarati","Daily","Vyas Kirtikumar Amrishbhai","Vyas Kirtikumar Amrishbhai","Gujarat","Ahmedabad"
"725","AANDHI EXPRESS","MPHIN/2016/69655","21-12-2016","Hindi","Weekly","SACHIN VISHWAKARMA","SACHIN VISHWAKARMA","Madhya Pradesh","Jabalpur"
"726","AANDOLAN BHARAT","MAHMAR/2013/50130","04-06-2013","Marathi","Monthly","SUNIL TATYARAO TATE","SUNIL TATYARAO TATE","Maharashtra","Mumbai"
"727","AANE WALA SAMAY","MPHIN/26/A4679","04-06-2026","Hindi","Monthly","PRADOSH","PRADOSH","Madhya Pradesh","Jabalpur"
"728","AANGANWADI SANDESH","MPHIN/2018/75523","15-06-2018","Hindi","Fortnightly","ASHUTOSH DEVI","ASHUTOSH DEVI","Madhya Pradesh","Bhopal"
"729","AANGI NEWS","GUJGUJ/2021/82070","07-09-2022","Gujarati","Fortnightly","NIDHI ARIHANT","NIDHI ARIHANT","Gujarat","Ahmedabad"
"730","AANJANYA DARPAN","UTTHIN/2012/43292","23-06-2012","Hindi","Weekly","BAL KRISHAN GOYAL","BAL KRISHAN GOYAL","Uttarakhand","Dehradun"
"731","AANKHE","MPHIN/2003/09150","27-02-2003","Hindi","Other","SAWAI SINGH SISODIA","SAWAI SINGH SISODIA","Madhya Pradesh","Bhopal"
"732","AANKHEN CRIME PAR","MPHIN/2015/65147","08-12-2015","Hindi","Weekly","VIJAY KUMAR PANDEY","VIJAY KUMAR PANDEY","Madhya Pradesh","Sehore"
"733","AANKHEN TIMES","UPBIL/2014/61669","30-04-2015","English, HINDI","Weekly","HARI BAHADUR SRIVASTAVA","HARI BAHADUR SRIVASTAVA","Uttar Pradesh","Kanpur Nagar"
"734","AANKHO DEKHA SACH","MPHIN/2008/27630","29-09-2009","Hindi","Weekly","DIGVIJAY SINGH","DIGVIJAY SINGH","Madhya Pradesh","Bhopal"
"735","AANKHODEKHI GUJARAT","GUJGUJ/2011/41351","22-07-2013","Gujarati","Fortnightly","HET GAURANG PANDYA","HET GAURANG PANDYA","Gujarat","Ahmedabad"
"736","AANKHON DEKHE APRADH","UPHIN/2010/34301","15-11-2010","Hindi","Weekly","MANOJ PANWAR","MANOJ PANWAR","Uttar Pradesh","Muzaffarnagar"
"737","AANKHON KA TAARA","UPHIN/2023/90168","14-11-2024","HINDI","Weekly","ABDULLA","ABDULLA","Uttar Pradesh","Saharanpur"
"738","AANKHON KA UJALA","MPHIN/2021/85510","12-10-2023","Hindi","Monthly","VISHAL PAL","VISHAL PAL","Madhya Pradesh","Bhopal"
"739","AANKHON KE SAAMNE","UPHIN/2008/25241","13-08-2008","Hindi","Weekly","GIRISH SINGH","GIRISH SINGH","Uttar Pradesh","Lucknow"
"740","AANKHON KI KHOJ","UPHIN/2009/28504","29-07-2009","Hindi","Weekly","DEEPAK KUMAR","DEEPAK KUMAR","Uttar Pradesh","Ghaziabad"
"741","AANKO AALO","WBBEN/2000/02536","18-12-2000","Bengali","Fortnightly","MANJU RANI MAITI","SMT. MANJURANI MAITI","West Bengal","Purba Medinipur"
"742","AANMA NALAM","TNBIL/2017/74142","13-12-2017","English, Tamil","Monthly","MATHEW JOSEPH","MATHEW JOSEPH","Tamil Nadu","Thiruvallur"
"743","AANMAA THEDAL","TNTAM/2016/67949","28-07-2016","Tamil","Monthly","A.B. MUGHAN","AB.MUGHAN","Tamil Nadu","Chennai"
"744","AANMEGA SIGARAM","TNTAM/2017/75122","09-05-2018","Tamil","Monthly","G. SASIREKA","G. SASIREKA","Tamil Nadu","Chennai"
"745","AANMIGA SANGAMAM","TNTAM/2014/61964","19-05-2015","Tamil","Monthly","C.VIMALESWARAN","C. VIMALESWARAN","Tamil Nadu","Chennai"
"746","AANMIGA SUTRULA MALAR","TNTAM/2010/39901","08-12-2011","Tamil","Monthly","GANESAN","GANESAN","Tamil Nadu","Chennai"
"747","AANTHAHAPURAM","APTEL/2003/11229","17-11-2003","Telugu","Weekly","KANIGALLA LEELA SIVA NAGADHANA RAJU","KANIGALLA LEELA SIVA NAGADHANA RAJU","Telangana","Medak"
"748","AANTHAI REPORTER","TNTAM/2012/45305","19-09-2012","Tamil","Weekly","V. SANKARA SUNDARA KUMAR","V. SANKARASUNDARAKUMAR","Tamil Nadu","Chennai"
"749","AANTHOKATHA","WBBEN/2020/86933","18-04-2024","Bengali","Fortnightly","MANJIT BASU","MANJIT BASU","West Bengal","Purba Bardhaman"
"750","Aantrarashtriya Aawaaj","MHMAR/25/A2434","08-09-2025","Marathi","Weekly","Sureshkumar Jawahar Chaurasiya","Sureshkumar Jawahar Chaurasiya","Maharashtra","Mumbai"
"751","AANYA EXPRESS","UPHIN/2020/79313","04-02-2021","Hindi","Weekly","SHIRISH KUMAR SINGH","SHIRISH KUMAR SINGH","Uttar Pradesh","Varanasi"
"752","AAO FARZ NIBHAYEN","UPHIN/2023/89632","15-10-2024","HINDI","Monthly","RAJENDRA SACHDEVA","HUMAN DUTIES FOUNDATION","Uttar Pradesh","Agra"
"753","AAO SAMBHALAIN BHARAT","UPHIN/2023/86705","28-03-2024","Hindi","Weekly","RAJ KUMAR","RAJ KUMAR","Uttar Pradesh","Mainpuri"
"754","AAO SAMBHALAIN BHARAT","UPHIN/26/A4167","25-05-2026","Hindi","Daily","RAJ KUMAR","RAJ KUMAR","Uttar Pradesh","Mainpuri"
"755","AAP ABHI TAK","UPHIN/2011/41550","12-04-2012","Hindi","Daily","IMRAN KHAN","IMRAN KHAN","Uttar Pradesh","Ghaziabad"
"756","AAP ANE AME","GUJGUJ/2007/21438","22-10-2007","Gujarati","Daily","BIPIN JAGDISHCHANDRA UPADHYAY","BIPIN JAGDISHCHANDRA UPADHYAY","Gujarat","Bharuch"
"757","AAP ANE AME","GUJGUJ/2009/32381","20-05-2010","GUJARATI","Daily","BIPIN JAGDISHCHANDRA UPADHYAY","BIPIN JAGDISHCHANDRA UPADHYAY","Gujarat","Ahmedabad"
"758","AAP AUR HUM LOG","UPHIN/2014/57855","20-10-2014","Hindi","Weekly","VIMAL KUMAR PANDEY","VIMAL KUMAR PANDEY","Uttar Pradesh","Lucknow"
"759","AAP BEETI JAG BEETI","59801","27-07-1993","Hindi","Weekly","MANJU TIWARI","MANJU TIWARI","Uttar Pradesh","Lucknow"
"760","AAP BHALE TO JAG BHALA","UPHIN/2013/54101","21-01-2014","Hindi","Weekly","KHALID HUSSAIN","KHALID HUSSAIN","Uttar Pradesh","Bijnor"
"761","AAP JAANE","MPHIN/2003/12262","19-04-2004","Hindi","Monthly","BRIJ BHUSHAN SHARMA","BRIJ BHUSHAN SHARMA","Madhya Pradesh","Bhopal"
"762","AAP JANE","65313","03-03-1997","Hindi","Weekly","BRIJBHUSHAN SHARMA","BRIJBHUSHAN SHARMA","Madhya Pradesh","Bhopal"
"763","AAP KA AGENDA","MPHIN/2011/38985","23-09-2011","Hindi","Daily","MOHAMMAD ARBAZ","MOHAMMED ARBAZ","Madhya Pradesh","Bhopal"
"764","AAP KA FAISLA","TELURD/2019/78344","30-12-2019","Urdu","Weekly","MIRZA AKBAR BAIG","MIRZA AKBAR BAIG","Telangana","Nizamabad"
"765","AAP KA HIND","UPHIN/2017/71388","28-04-2017","Hindi","Weekly","MOHD. NASEEM","MOHD NASEEM","Uttar Pradesh","Muzaffarnagar"
"766","AAP KA SAAMNA","HPHIN/2010/41180","16-03-2012","Hindi","Weekly","SANTOSH KUMR SHUSHTA","SANTOSH KUMAR SHUSHTA","Himachal Pradesh","Shimla"
"767","AAP KA SANDESH","HARHIN/2004/12009","01-03-2004","Hindi","Weekly","HAWA SINGH CHAHAL","HAWA SINGH CHAHAL","Haryana","Hisar"
"768","AAP KA SANKALP","DELHIN/2016/70548","02-03-2017","Hindi","Daily","AMIT KUMAR","AMIT KUMAR","Delhi","New Delhi"
"769","AAP KA SATHI","29009","09-09-1988","Urdu","Fortnightly","MOHD.. NASEEM","MOHD NASEM","Delhi","New Delhi"
"770","AAP KA UJALA","UPHIN/2021/84189","16-05-2023","Hindi","Weekly","MOHAMMAD HAROON","MOHAMMAD HAROON","Uttar Pradesh","Moradabad"
"771","AAP KE DWAR","DELHIN/2004/13020","17-08-2004","Hindi","Weekly","JAGDISH BHATIA","JAGDISH BHATIA","Delhi","New Delhi"
"772","AAP KE PUSHP","43174","22-09-1984","Hindi","Fortnightly","ANJU GOYAL","ANJU GOYAL","Uttar Pradesh","Hapur"
"773","AAP KE SATH","GUJGUJ/2014/57880","22-10-2014","Gujarati","Weekly","RAMESH JIVARAJBHAI VORA","RAMESH JIVARAJBHAI VORA","Gujarat","Ahmedabad"
"774","AAP KE SHABD","DELBIL/2012/44915","29-08-2012","English, HINDI","Monthly","RAKESH KUMAR SHRIVASTAVA","RAKESH KUMAR SHRIVASTAV","Delhi","New Delhi"
"775","AAP KI AAWAAZ","JHURD/26/A3717","14-05-2026","Urdu","Daily","BABY AFSANA","BABY AFSANA","Jharkhand","Ranchi"
"776","AAP KI ADALAT","39712","09-12-2009","Hindi","Fortnightly","HEMLATA GUPTA","HEMLATA GUPTA","Rajasthan","Jaipur"
"777","AAP KI AMANAT","UPHIN/2015/66150","15-02-2016","Hindi","Weekly","MUBEEN BEG","MUBEEN BEG","Uttar Pradesh","Kanpur Nagar"
"778","AAP KI BAAT SACH KE SATH","MPHIN/25/A3453","27-10-2025","Hindi","Quarterly","mahak kushwah","mahak kushwah","Madhya Pradesh","Bhopal"
"779","AAP KI BHASHA SAMACHAR","MPHIN/2014/54069","20-01-2014","Hindi","Weekly","SMT. JYOTI CHHATWANI","JYOTI CHHATWANI","Madhya Pradesh","Bhopal"
"780","AAP KI INDIA","DELHIN/2016/66504","26-03-2016","Hindi","Weekly","SAPNA GROVER","SAPNA GROVER","Delhi","New Delhi"
"781","AAP KI KRANTI","UTTHIN/2013/52629","21-10-2013","Hindi","Weekly","KRISHNA VAILWAL","KRISHNA VAILWAL","Uttarakhand","Dehradun"
"782","AAP KI PUKAR","MAHURD/2011/42919","13-06-2012","Urdu","Weekly","RAZA AHMED MD. SALAUDDIN SHAIKH","RAZA AHMED MD. SALAUDDIN SHAIKH","Maharashtra","Mumbai"
"783","AAP KI PUKAR","MAHHIN/2015/62838","23-06-2015","Hindi","Weekly","RAZA AHMED MD. SALAUDDIN SHAIKH","RAZA AHMED MD. SALAUDDIN SHAIKH","Maharashtra","Mumbai"
"784","AAP KI REPORT","UPHIN/2010/31229","09-03-2010","Hindi","Weekly","HARISHCHANDRA URF PREM BABA","HARISHCHANDRA URF PREM BABA","Uttar Pradesh","Gautam Buddha Nagar"
"785","AAP KI SOCH","71277","30-07-1999","Hindi","Weekly","SURESH SINGH CHOHAN","SURESH SINGH CHAUHAN","Madhya Pradesh","Gwalior"
"786","AAP KI TALASH","MAHHIN/2014/59677","20-01-2015","Hindi","Daily","RAJENDRA DINKAR CHAUDHARY","RAJENDRA DINKAR CHAUDHARY","Maharashtra","Jalgaon"
"787","AAP PEHREDAR SAMACHAR","DELHIN/2016/71285","01-05-2017","Hindi","Monthly","SUDARSHAN KUMAR SHARMA","SUDARSHAN KUMAR SHARMA","Delhi","New Delhi"
"788","AAP SE AWAZ","UPHIN/2016/68450","27-08-2016","Hindi","Weekly","RAJESH KUMAR","RAJESH KUMAR","Uttar Pradesh","Gautam Buddha Nagar"
"789","AAP SE MULAKAT","KARHIN/2015/64812","17-11-2015","Hindi","Weekly","SHAKIL SAIFODDIN MARIHAL","SHAKIL SAIFODDIN MARIHAL","Karnataka","Belgaum"
"790","AAP TAK","49006","12-12-2005","Hindi","Daily","RANDHIR KUMAR SHARMA","RANDHIR KUMAR SHARMA","Bihar","Samastipur"
"791","AAP TAK PRATIDIN","UPURD/2014/56053","26-06-2014","Urdu","Weekly","JYOTI YADAV","JYOTI YADAV","Uttar Pradesh","Lucknow"
"792","AAP TAK PRATIDIN","UPURD/2013/54149","23-01-2014","Urdu","Daily","JYOTI YADAV","JYOTI YADAV","Uttar Pradesh","Lucknow"
"793","AAP TAK PRATIDIN","UPHIN/2009/30451","15-01-2010","Hindi","Daily","JYOTI YADAV","JYOTI YADAV","Uttar Pradesh","Lucknow"
"794","AAP TAK PRATIDIN","UPHIN/2010/31859","08-04-2010","Hindi","Weekly","JYOTI YADAV","JYOTI YADAV","Uttar Pradesh","Lucknow"
"795","AAPAKA MUMBAI MITRA","MAHHIN/2007/21702","05-11-2007","Hindi","Daily","ABHIJEET ASHOK RANE","VAST MEDIA NETWORK PVT. LTD.","Maharashtra","Mumbai"
"796","AAPAKA TEESTA HIMALAYA","WBHIN/2010/34186","09-11-2010","Hindi","Monthly","RANJU SINGH","RANJU SINGH","West Bengal","Darjiling"
"797","AAPAL DHAIRYA TIMES","MAHMAR/2011/48646","18-03-2013","Marathi","Weekly","SACHIN SAMPAT MORE","SACHIN SAMPATRAO MORE","Maharashtra","Satara"
"798","AAPAL KARJAT","MAHMAR/2013/54610","12-02-2014","Marathi","Weekly","VIDYANAND GOPINATH OVHAL","VIDYANAND GOPINATH OVHAL","Maharashtra","Raigad"
"799","AAPAL MALKAPUR","MAHMAR/2023/88100","29-07-2024","MARATHI","Weekly","NILESH BALU CHOPADE","NILESH BALU CHOPADE","Maharashtra","Buldhana"
"800","aapala jantecha aarsa","MHMAR/26/A5154","15-06-2026","Marathi","Weekly","Satish Pralhad Mandale","Satish Pralhad Mandale","Maharashtra","Washim"
"801","AAPALA MATDAR SANGH","MAHMAR/2011/43052","20-06-2012","Marathi","Daily","PRABHAKAR SHUDHAKAR JADHAV","JADHAV PRABHAKAR SUDHAKAR","Maharashtra","Jalgaon"
"802","AAPALA MUMBAI MITRA","MAHMAR/2007/21703","05-11-2007","Marathi","Daily","ABHIJEET ASHOK RANE","VAST MEDIA NETWORK PVT. LTD.","Maharashtra","Mumbai"
"803","AAPALA NAVRAJYA","MAHMAR/2009/32008","22-04-2010","Marathi","Daily","SUNIL BHAGWAN PATIL","SUNIL BHAGWAN PATIL","Maharashtra","Dhule"
"804","AAPALA SANGHARSH NEWS","MAHMAR/2023/89310","01-10-2024","MARATHI","Half Yearly","BHAGYASHRI GANESH JADHAO","BHAGYASHRI GANESH JADHAO","Maharashtra","Mumbai"
"805","AAPALA SHAHARANAMA","MAHMAR/2016/68474","02-09-2016","Marathi","Weekly","DNYANESHWAR BABU MUNDE","DNYANESHWAR BABU MUNDE","Maharashtra","Thane"
"806","AAPALI JANTA NEWS","MAHMAR/2020/90700","10-05-2025","MARATHI","Weekly","RAKESH RAJU WAGHMARE","RAKESH RAJU WAGHMARE","Maharashtra","Pune"
"807","AAPALI MATRUBHAKTI","MAHBIL/2016/76131","26-09-2018","Marathi, Hindi","Weekly","GAJANAN RAMRAO DESHMUKH","GAJANAN RAMRAO DESHMUKH","Maharashtra","Buldhana"
"808","AAPAN MAATI-AAPAN BAAT","UPHIN/2008/28166","02-07-2009","Hindi","Weekly","DR. ASHOK KUMAR SINGH","ASHOK KUMAR SINGH","Uttar Pradesh","Varanasi"
"809","Aapan Maharajganj","DLHIN/26/A5272","17-06-2026","Hindi","Fortnightly","Tabrez Khan","Tabrez Khan","Delhi","New Delhi"
"810","AAPAN SAGLE BRAMHAN","MAHMAR/2016/66908","09-05-2016","Marathi","Fortnightly","BHALCHANDRA KULKARNI","BHALCHANDRA KULKARNI","Maharashtra","Pune"
"811","Aapano bikano chokho sahar","RJBIL/26/A0919","06-02-2026","Hindi, English","Fortnightly","Mukesh Pooniya","Mukesh Pooniya","Rajasthan","Bikaner"
"812","AAPANU GUJARAT","GUJGUJ/2023/86947","18-04-2024","Gujarati","Weekly","AANAND PRAHLADBHAI VADECHA","CHHATRAPALSINH JAGATSINH JADEJA","Gujarat","Rajkot"
"813","AAPAS KI BAAT","MPHIN/2017/77239","02-05-2019","Hindi","Weekly","SANTOSH KUMAR","SANTOSH KUMAR","Madhya Pradesh","Bhopal"
"814","AAPDU JUNAGADH","GUJGUJ/2023/87336","17-05-2024","Gujarati","Weekly","DHULESIA PARTH NILESHKUMAR","VISHAL NARANBHAI SOLANKI","Gujarat","Junagadh"
"815","AAPKA ADHIKAR TIMES","DELBIL/2002/08802","02-07-2009","English, HINDI","Fortnightly","LAKHAN SINGH","LAKHAN SINGH","Delhi","New Delhi"
"816","AAPKA ANGARA","TELURD/2014/59671","20-01-2015","Urdu","Daily","SYED MOHAMMED QUADRI","SYED MOHAMMED QUADRI","Telangana","Hyderabad"
"817","AAPKA FAISLA","HPHIN/2007/25050","12-07-2012","Hindi","Daily","SURESH THAKUR","M/S. AAPKA FAISLA PRAKASHAN PRIVATE LTD.","Himachal Pradesh","Shimla"
"818","AAPKA HAK","HARBIL/2023/86635","29-02-2024","English, HINDI","Monthly","SIDHARTH NARULA","SIDHARTH NARULA","Haryana","Faridabad"
"819","AAPKA HAMDARD","38546","10-09-1987","Hindi","Weekly","DR. TALAT KHAN","DR. TALAT KHAN","Madhya Pradesh","Bhopal"
"820","AAPKA HAMRAHI","UPHIN/2019/78862","04-08-2020","Hindi","Quarterly","DILIP KUMAR","DILIP KUMAR","Uttar Pradesh","Meerut"
"821","AAPKA HAMRAHI","56069","22-01-1993","Hindi","Weekly","DILIP KUMAR","DILIP KUMAR","Uttar Pradesh","Meerut"
"822","AAPKA KADAM","UPHIN/2001/06537","30-04-2002","Hindi","Weekly","MOHAMMAD MUJAMMIL KHAN","MOHAMMAD MUJAMMIL KHAN","Uttar Pradesh","Ghaziabad"
"823","Aapka Khabariya","UAHIN/25/A4613","03-12-2025","Hindi","Fortnightly","TARA CHANDRA JOSHI","TARA CHANDRA JOSHI","Uttarakhand","Nainital"
"824","AAPKA METRO","UPHIN/2014/60057","05-02-2015","Hindi","Daily","RAMASHANKAR PRASAD SINGH","MAA SHITLA CHIKITSA SHIKSHA AWAM DHARMIK TRUST","Uttar Pradesh","Lucknow"
"825","AAPKA NASEEB","MPHIN/2003/11259","20-11-2003","Hindi","Daily","HASIB MOHAMMAD","HASIB MOHAMMAD","Madhya Pradesh","Bhopal"
"826","AAPKA NEWS STAR","MPBIL/25/A2249","21-08-2025","English, Hindi","Weekly","Rajesh Kumar Patel","Rajesh Kumar Patel","Madhya Pradesh","Panna"
"827","AAPKA PRAHAR TIMES","MAHHIN/2015/60803","19-03-2015","Hindi","Weekly","MOHAMMED WASIM SYED","MOHAMMED WASIM SYED","Maharashtra","Thane"
"828","AAPKA RAJ","RAJHIN/2002/9430","24-03-2003","Hindi","Daily","DAULAT RAM TAK","DAULAT RAM TAK","Rajasthan","Jodhpur"
"829","AAPKA RAJGARH","MPHIN/26/A6352","03-08-2026","Hindi","Bimonthly (Once in two months)","babu verma","babu verma","Madhya Pradesh","Rajgarh"
"830","AAPKA REHBAR","UPHIN/2010/31903","14-05-2010","Hindi","Weekly","ASHRAF ALI","ASHRAF ALI","Uttar Pradesh","Moradabad"
"831","AAPKA SAMAY","MAHHIN/2017/75131","09-05-2018","Hindi","Weekly","ANIL PRASAD S NAUTIYAL","ANIL PRASAD S NAUTIYAL","Maharashtra","Thane"
"832","AAPKA SAPNA","MPHIN/2013/57021","06-09-2014","Hindi","Weekly","YOGESH D. PARMAR","YOGESH D. PARMAR","Madhya Pradesh","Indore"
"833","AAPKA SATHI","56857","27-08-1993","Hindi","Weekly","MAMTA CHANDANI","MAMTA CHANDANI","Uttar Pradesh","Lucknow"
"834","AAPKA SATHI","UPHIN/2003/09869","14-05-2003","Hindi","Daily","MAMTA CHANDANI","MAMTA CHANDANI","Uttar Pradesh","Lucknow"
"835","AAPKA SHAHAR","MAHHIN/2010/33451","31-08-2010","Hindi","Weekly","SINGH OMPRAKASH BHAGWATI","SINGH OMPRAKASH BHAGWATI","Maharashtra","Thane"
"836","AAPKA VIEW","UAHIN/25/A2663","18-09-2025","Hindi","Weekly","Rahul kumar verma","Rahul kumar verma","Uttarakhand","Haridwar"
"837","AAPKA VIEW","DELHIN/2014/54250","28-01-2014","Hindi","Weekly","RAHUL KUMAR VERMA","RAHUL KUMAR VERMA","Delhi","New Delhi"
"838","AAPKA VIEW","UAHIN/26/A1488","13-03-2026","Hindi","Monthly","Rahul kumar verma","Rahul kumar verma","Uttarakhand","Haridwar"
"839","AAPKI AWAAZ JANTA TAK","UPHIN/25/A5231","17-12-2025","Hindi","Daily","RAJWALA","RAJWALA","Uttar Pradesh","Budaun"
"840","AAPKI BAAT","UPURD/2016/67420","06-06-2016","Urdu","Daily","SHABIHUL HASAN","SHABIHUL HASAN","Uttar Pradesh","Lucknow"
"841","AAPKI BAAT","MPHIN/2001/06837","19-06-2002","Hindi","Monthly","JITENDER RICHHARIA","JITENDER RICHARIA","Madhya Pradesh","Chhatarpur"
"842","AAPKI BAAT HAMARA SATH","MAHHIN/2023/89389","10-10-2024","HINDI","Daily","RAKESH DASHRATH LAHORI","RAKESH DASHRATH LAHORI","Maharashtra","Thane"
"843","AAPKI BAAT KHABRON KE SATH","MPHIN/25/A3291","16-10-2025","Hindi","Quarterly","MINI KUSHWAH","MINI KUSHWAH","Madhya Pradesh","Gwalior"
"844","AAPKI CHAHAT NEWS","MPHIN/2021/83392","23-02-2023","Hindi","Weekly","ANIL KUMAR","ANIL KUMAR","Madhya Pradesh","Raisen"
"845","AAPKI CHHAYA","MPHIN/25/A4302","25-11-2025","Hindi","Daily","JUHI MISHRA","JUHI MISHRA","Madhya Pradesh","Jabalpur"
"846","AAPKI CHHAYA","MPHIN/2015/70749","20-03-2017","Hindi","Monthly","JUHI MISHRA","JUHI MISHRA","Madhya Pradesh","Bhopal"
"847","AAPKI DASTAK","UPHIN/2013/52048","17-09-2013","Hindi","Weekly","ARCHANA YADAV","ARCHANA YADAV","Uttar Pradesh","Lucknow"
"848","AAPKI DRISHTI","UPHIN/2016/68638","07-09-2016","Hindi","Weekly","REENA DEVI","REENA DEVI","Uttar Pradesh","Lucknow"
"849","AAPKI DRISHTI","UPHIN/2024/90720","19-05-2025","Hindi","Monthly","REENA DEVI","REENA DEVI","Uttar Pradesh","Lucknow"
"850","AAPKI JUNG","MAHHIN/2012/42373","18-05-2012","Hindi","Weekly","MUNNA HAKIM MIYAN","MUNNA HAKIM MIYAN","Maharashtra","Thane"
"851","AAPKI KHABAR","DELHIN/2001/05619","03-10-2012","Hindi","Weekly","RAM PRAKASH","RAM PRAKASH","Delhi","New Delhi"
"852","AAPKI NEWS","DELHIN/2007/22271","26-12-2007","Hindi","Fortnightly","SHYAM SUNDER","SHYAM SUNDER","Delhi","New Delhi"
"853","AAPKI NIRBHAYA","MPBIL/2016/67108","30-05-2016","English, HINDI","Monthly","NADIYA","NADIYA","Madhya Pradesh","Bhopal"
"854","AAPKI PATRIKA","RAJHIN/2009/27175","05-03-2009","Hindi","Weekly","MUKESH MITTAL","MUKESH MITTAL","Rajasthan","Hanumangarh"
"855","Aapki pehchan","HRHIN/25/A2938","30-09-2025","Hindi","Monthly","preeta","preeta","Haryana","Faridabad"
"856","AAPKI SEHAT","DELHIN/2013/53582","17-12-2013","Hindi","Monthly","TARUN KUMAR","TARUN KUMAR","Delhi","New Delhi"
"857","AAPKI TAKAT","UPBIL/2006/21594","31-10-2007","Hindi, Urdu","Weekly","SYED MANZOR MEHDI","SAYED MANZAR MEHDI","Uttar Pradesh","Faizabad"
"858","AAPKI TAKAT","UPURD/2013/48902","01-04-2013","Urdu","Daily","SAYED MANZAR MEHDI","SAYED MANZAR MEHDI","Uttar Pradesh","Faizabad"
"859","AAPKI TALASH","GUJHIN/2013/50672","05-07-2013","Hindi","Daily","RAJENDRA DINKAR CHAUDHARI","RAJENDRA DINKAR CHAUDHARI","Gujarat","Surat"
"860","AAPKI TALASH","DDHIN/2013/52948","05-11-2013","Hindi","Daily","RAJENDRA DINKAR CHAUDHARI","RAJENDRA DINKAR CHAUDHARI","Daman & Diu","Daman & Diu"
"861","AAPKI TALASH","GUJHIN/2015/62607","15-06-2015","Hindi","Daily","RAJENDRA DINKAR CHAUDHARI","RAJENDRA DINKAR CHAUDHARI","Gujarat","Bharuch"
"862","AAPKI TALASH","GUJHIN/2013/52410","04-10-2013","Hindi","Daily","RAJENDRA DINKAR CHAUDHARI","RAJENDRA DINKAR CHAUDHARI","Gujarat","Navsari"
"863","AAPKI TALASH","GUJHIN/2013/52409","04-10-2013","Hindi","Daily","RAJENDRA DINKAR CHAUDHARI","RAJENDRA DINKAR CHAUDHARI","Gujarat","Valsad"
"864","AAPKI TALASH","GUJHIN/2014/55479","30-04-2014","Hindi","Weekly","RAJENDRA DINKAR CHAUDHARI","RAJENDRA DINKAR CHAUDHARI","Gujarat","Surat"
"865","AAPKI TALASH","MAHHIN/2014/60712","11-03-2015","Hindi","Daily","RAJENDRA DINKAR CHAUDHARI","RAJENDRA DINKAR CHAUDHARI","Maharashtra","Buldhana"
"866","AAPKI TALASH","DNHHIN/2013/52586","15-10-2013","Hindi","Daily","RAJENDRA DINKAR CHAUDHARI","RAJENDRA DINKAR CHAUDHARI","Dadra & Nagar Haveli","Dadra & Nagar Haveli"
"867","AAPKI TALASH","GUJHIN/2014/55467","29-04-2014","Hindi","Monthly","RAJENDRA DINKAR CHAUDHARI","RAJENDRA DINKAR CHAUDHARI","Gujarat","Surat"
"868","AAPKI TALASH","MPHIN/2014/55608","14-05-2014","Hindi","Daily","RAJENDRA DINKAR CHAUDHARI","RAJENDRA DINKAR CHAUDHARI","Madhya Pradesh","Indore"
"869","Aapl Phaltan","MHMAR/25/A2491","11-09-2025","Marathi","Weekly","Popat Maruti Mind","Popat Maruti Mind","Maharashtra","Satara"
"870","AAPLA AWAJ","MAHMAR/2023/88012","16-07-2024","MARATHI","Weekly","AMOL MANIK SONAWANE","AMOL MANIK SONAWANE","Maharashtra","Nashik"
"871","AAPLA BALIRAJA","MAHMAR/2014/56844","02-09-2014","Marathi","Daily","SANKET SURESHRAO YERANDE","SANKET SURESHRAO YERANDE","Maharashtra","Beed"
"872","AAPLA BHAGWA","MAHMAR/2016/67068","28-05-2016","Marathi","Weekly","AMAR SHANTARAM SHINDE","AMAR SHANTARAM SHINDE","Maharashtra","Thane"
"873","AAPLA CAREER","MAHMAR/2012/47707","29-01-2013","Marathi","Weekly","MAHADEV B. TARAL","MAHADEV B. TARAL","Maharashtra","Kolhapur"
"874","AAPLA GOURAV MANDAL","MHBIL/26/A2382","10-04-2026","Marathi, Hindi","Weekly","vilas ramniklal pujara","vilas ramniklal pujara","Maharashtra","Thane"
"875","AAPLA JANADESH","MAHMAR/2012/43177","21-06-2012","Marathi","Weekly","YOGITA PRAVIN SHIRKE","YOGITA PRAVIN SHIRKE","Maharashtra","Pune"
"876","AAPLA JANTACHE URJA","MAHBIL/2021/79667","12-03-2021","Marathi, Hindi","Weekly","SHRIKANT BHAGWAN RANDIVE","SHRIKANT BHAGWAN RANDIVE","Maharashtra","Thane"
"877","AAPLA JILHA AAPLA MAHARASHTRA","MAHMAR/2023/87611","24-06-2024","MARATHI","Weekly","KURBAN SHAH MISKIN SHAH","KURBAN SHAH MISKIN SHAH","Maharashtra","Buldhana"
"878","aapla journalist","MHBIL/25/A3498","27-10-2025","English, Marathi","Weekly","Pratik chandrakant Thakur","Pratik chandrakant Thakur","Maharashtra","Palghar"
"879","AAPLA KHANDESH","MAHMAR/1993/09809","09-05-2003","Marathi","Weekly","ASHOK VITHOBA SHRIRAM","ASHOK VITHOBA SHRIRAM","Maharashtra","Dhule"
"880","AAPLA MAHANAGAR","49802","17-03-2010","Marathi","Daily","SANJAY BHASKAR SAWANT","AKSHAR COMMUNICATIONS PVT. LTD.","Maharashtra","Mumbai"
"881","AAPLA MAHANAGAR","MAHMAR/2020/83543","06-03-2023","Marathi","Daily","SANJAY BHASKAR SAWANT","M/S AKSHAR COMMUNICATIONS PVT LTD","Maharashtra","Thane"
"882","AAPLA MAHANAGAR","MAHMAR/2021/83542","03-03-2023","Marathi","Daily","SANJAY BHASKAR SAWANT","M/S AKSHAR COMMUNICATIONS PVT LTD","Maharashtra","Thane"
"883","AAPLA MAHANAGAR","MAHMAR/2020/79376","29-01-2021","Marathi","Daily","SANJAY BHASKAR SAWANT","M/S AKSHAR COMMUNICATIONS PVT LTD","Maharashtra","Nashik"
"884","AAPLA MAHANAGAR","62169","13-09-1995","Marathi","Daily","NIKHIL MANGESH WAGLE","M/S AKSHAR COMMUNICATIONS PVT LTD","Maharashtra","Chhatrapati Sambhaji Nagar"
"885","AAPLA MAHANAGAR","MAHMAR/2022/90680","30-04-2025","Marathi","Daily","SANJAY BHASKAR SAWANT","M/S AKSHAR COMMUNICATIONS PVT LTD","Maharashtra","Palghar"
"886","AAPLA MAHARASHTRA DISHA PARIVARTANACHI","MHMAR/25/A4752","05-12-2025","Marathi","Weekly","VAIBHAV JITENDRA MUNDE","VAIBHAV JITENDRA MUNDE","Maharashtra","Amravati"
"887","AAPLA MAHARASHTRA MARATHI ADHYAPAK","MAHMAR/2023/88884","10-09-2024","MARATHI","Quarterly","VIJAYKUMAR NARAYAN LANDGE","VIJAYKUMAR NARAYAN LANDGE","Maharashtra","Satara"
"888","AAPLA MARATHA MAVALA","MHMAR/25/A2954","30-09-2025","Marathi","Weekly","desale Ramesh Ragho","desale Ramesh Ragho","Maharashtra","Nashik"
"889","Aapla marathwada connect warta","MHMAR/26/A3991","20-05-2026","Marathi","Weekly","GAJANAN RUKHMAJI DANGATE","GAJANAN RUKHMAJI DANGATE","Maharashtra","Nanded"
"890","Aapla nagarsevak","MHMAR/26/A3936","20-05-2026","Marathi","Weekly","Prakash Barku Bhoi","Prakash Barku Bhoi","Maharashtra","Nandurbar"
"891","AAPLA NAVAPUR","MAHMAR/2024/91025","08-07-2025","Marathi","Weekly","HEMANT VIKRAM PATIL","HEMANT VIKRAM PATIL","Maharashtra","Nandurbar"
"892","AAPLA NETA","69209","21-10-1998","Marathi","Twice a week","SHEELA VASANT UMBARE","SHEELA VASANT UMBARE","Maharashtra","Dharashiv"
"893","aapla nirbhid jyot","MHMAR/26/A3365","11-05-2026","Marathi","Weekly (monday to friday)","Yogeshwar Prabhakar Gholap","Yogeshwar Prabhakar Gholap","Maharashtra","Nashik"
"894","AAPLA RAJSTAMBH","MAHMAR/2023/89334","01-10-2024","MARATHI","Daily","BAPU SHAMRAO JADHAV","BAPU SHAMRAO JADHAV","Maharashtra","Pune"
"895","AAPLA SANJ SAHAYADRI TIMES","MAHMAR/2007/20939","24-08-2007","Marathi","Daily","ARCHANA SANDEEP KALE","ARCHANA SANDEEP KALE","Maharashtra","Mumbai"
"896","AAPLA SANJ SAHAYADRI TIMES","MAHMAR/2003/10715","09-09-2003","Marathi","Daily","ARCHANA SANDEEP KALE","ARCHANA SANDEEP KALE","Maharashtra","Chhatrapati Sambhaji Nagar"
"897","AAPLA TATKAL ACTION NEWS","MAHMAR/2023/89376","10-10-2024","MARATHI","Weekly","MANGAL NILESH SHINDE","MANGAL NILESH SHINDE","Maharashtra","Mumbai"
"898","AAPLA UPNAGAR","MAHMAR/2012/43641","30-06-2012","Marathi","Daily","ANITA ARUN GHAIWAT","ANITA ARUN GHAIWAT","Maharashtra","Thane"
"899","AAPLA VARTAHAR","59909","01-01-1994","Marathi","Daily","PRAVIN MURLIDHAR SHINGOTE","SHREE AMBIKA PRINTERS & PUBLICATIONS","Maharashtra","Mumbai"
"900","AAPLA VIDHARBH","MAHMAR/2023/88006","16-07-2024","MARATHI","Daily","DEVIDAS MADHAVRAO KHANPATE","DEVIDAS MADHAVRAO KHANPATE","Maharashtra","Buldhana"
"901","AAPLA VRUTTA PRAHAR","MAHHIN/2016/71352","28-04-2017","Hindi","Weekly","RAMESH GANPATI JADHAV","RAMESH GANPATI JADHAV","Maharashtra","Thane"
"902","AAPLA YASH","MPMAR/2003/13600","05-11-2004","Marathi","Fortnightly","SMT APARNA PATIL","AJAY PATIL","Madhya Pradesh","Gwalior"
"903","AAPLA ZILLA AAPLI BATMI","MAHMAR/2015/65817","01-02-2016","Marathi","Weekly","LUKMAN SHAH USMAN SHAH","LUKMAN SHAH USMAN SHAH","Maharashtra","Buldhana"
"904","AAPLA ZILLA AAPLI PRAGATI","MAHMAR/2016/69773","27-12-2016","Marathi","Weekly","HANIF KHAN BILAN KHAN","HANIF KHAN BILAN KHAN","Maharashtra","Buldhana"
"905","AAPLE LATUR SHAHAR","MAHBIL/2023/88363","02-08-2024","BILINGUAL","Daily","SANJAY RAMRAO UDARE","SANJAY RAMRAO UDARE","Maharashtra","Latur"
"906","AAPLE NAGAR CHAUFER","MAHMAR/2006/18381","26-07-2012","Marathi","Weekly","ABHAY RAMLAL LALWANI","ABHAY RAMLAL LALWANI","Maharashtra","Ahilyanagar"
"907","AAPLE NAVNAGAR","MHMAR/25/A3503","27-10-2025","Marathi","Daily","Bhausaheb Kisan Gund","Bhausaheb Kisan Gund","Maharashtra","Palghar"
"908","AAPLE PALGHAR","MHMAR/25/A3428","24-10-2025","Marathi","Weekly","VIKAS SHIVRAM PATIL","VIKAS SHIVRAM PATIL","Maharashtra","Palghar"
"909","AAPLE PARYAVARAN","MAHMAR/2004/14361","15-04-2005","Marathi","Monthly","VIDYADHAR A. WALAVALKAR","VIDYADHAR A. WALAVALKAR","Maharashtra","Thane"
"910","AAPLE RAIGAD","MAHMAR/2021/81366","05-05-2022","Marathi","Weekly","SUNIL JANU WARGADA","SUNIL JANU WARGADA","Maharashtra","Raigad"
"911","AAPLE SAMRAJYA","MAHMAR/2021/81699","18-07-2022","Marathi","Daily","SEEMA PRAMOD MORE","SEEMA PRAMOD MORE","Maharashtra","Mumbai"
"912","AAPLE SAMRAJYA","MAHMAR/2016/67569","24-06-2016","Marathi","Daily","SEEMA PRAMOD MORE","SEEMA PRAMOD MORE","Maharashtra","Raigad"
"913","AAPLE SAMRAJYA","MAHMAR/2021/81685","18-07-2022","Marathi","Daily","SEEMA PRAMOD MORE","SEEMA PRAMOD MORE","Maharashtra","Palghar"
"914","AAPLE SAMRAJYA","MAHMAR/2021/81491","17-05-2022","Marathi","Daily","SEEMA PRAMOD MORE","SEEMA PRAMOD MORE","Maharashtra","Thane"
"915","AAPLE SOLAPUR","MAHMAR/2003/09580","09-04-2003","Marathi","Weekly","P.P.KULKARNI","P.P.KULKARNI","Maharashtra","Solapur"
"916","AAPLE TAILCHITRA","MAHMAR/2013/52414","04-10-2013","Marathi","Monthly","LAXMAN BABURAO RAUT","LAXMAN BABURAO RAUT","Maharashtra","Jalna"
"917","AAPLE VANGMAYVRUTA","MAHMAR/2008/31756","01-04-2010","Marathi","Monthly","RAJAN VASANT BAWDEKAR","LOKVANGMAY GRIHA PVT. LTD.","Maharashtra","Mumbai"
"918","AAPLI BATAAMI","MAHMAR/2023/88688","28-08-2024","MARATHI","Weekly","DATTATRAY MAHADEV HIPPARKAR","DATTATRAY MAHADEV HIPPARKAR","Maharashtra","Sangli"
"919","AAPLI CHALWAL","MAHMAR/2015/61953","19-05-2015","Marathi","Weekly","GAIKWAD GORAKSH VILAS","GAIKWAD GORAKSH VILAS","Maharashtra","Pune"
"920","AAPLI MAHAWARTA","MHMAR/25/A1579","03-07-2025","Marathi","Weekly","Sanjay Pandurang Dudhane","Sanjay Pandurang Dudhane","Maharashtra","Pune"
"921","aapli manas aapla rojgar","MHBIL/26/A2612","15-04-2026","Marathi, English","Monthly","Govind Guja Borse","Govind Guja Borse","Maharashtra","Nashik"
"922","AAPLI MARATHWADA BHOOMI","MAHMAR/2011/37354","20-05-2011","Marathi","Weekly","SHAIKH EFROZ MUZAMIL AHEMAD","SHAIKH EFROZ MUZAMIL AHEMAD","Maharashtra","Chhatrapati Sambhaji Nagar"
"923","AAPLYA LOKANCHA SATYAWADI","MHMAR/25/A4846","05-12-2025","Marathi","Daily","Shaikh Rehan Shaikh Feroz","Shaikh Rehan Shaikh Feroz","Maharashtra","Beed"
"924","AAPLYASATHI AAPANCH","MHMAR/25/A2634","18-09-2025","Marathi","Weekly","chinmay sanjay jagadle","chinmay sanjay jagadle","Maharashtra","Dharashiv"
"925","AAPNA ANDAJ","KARHIN/2009/31610","30-03-2010","Hindi","Weekly","SURENDRA K. MEHTA","SURENDRA K. MEHTA","Karnataka","Dharwad"
"926","AAPNI ARAS PARAS","GUJGUJ/2009/32382","20-05-2010","Gujarati","Fortnightly","M. N. LAXMIDHAR","M.N. LAXMIDHAR","Gujarat","Rajkot"
"927","AAPNI CITY","RAJHIN/2012/44749","21-08-2012","Hindi","Fortnightly","HARSH KUMAR","HARSH KUMAR","Rajasthan","Ganganagar"
"928","AAPNI HCG","GUJBIL/2015/69953","18-01-2017","English, Gujarati","Monthly","DR. BHARAT GADHAVI","HCG MEDI- SURGE HOSPITALS PRIVATE LIMITED","Gujarat","Ahmedabad"
"929","AAPNO ADHIKAR","GUJGUJ/2009/30932","12-02-2010","Gujarati","Weekly","SONAL MUKESHBHAI PANDEY","S.M. PANDE","Gujarat","Navsari"
"930","AAPNO AGRANI PRADESH","RJHIN/26/A4749","05-06-2026","Hindi","Fortnightly","LOKESH KUMAR SHARMA","LOKESH KUMAR SHARMA","Rajasthan","Jaipur"
"931","AAPNO GRAMIN RAJASTHAN","RAJHIN/2017/74402","18-01-2018","Hindi","Weekly","PRADEEP KUMAR PRAJAPATI","PRADEEP KUMAR PRAJAPATI","Rajasthan","Jodhpur"
"932","AAPNU AHMEDABAD","GUJGUJ/2015/61858","07-05-2015","Gujarati","Fortnightly","TEJAS PRAVINCHANDRA PATEL","TEJAS PRAVINCHANDRA PATEL","Gujarat","Ahmedabad"
"933","AAPNU AMRELI","GUJGUJ/2009/31749","01-04-2010","Gujarati","Weekly","VIRAL JAYANTBHAI KAMDAR","VIRAL JAYANTBHAI KAMDAR","Gujarat","Amreli"
"934","AAPNU BHARUCH","GUJGUJ/2015/64453","28-10-2015","Gujarati","Fortnightly","VASIMAKRAM GULAMALI MALEK,","VASIMAKRAM GULAMALI MALEK,","Gujarat","Bharuch"
"935","AAPNU GUJARAT","GUJGUJ/2008/25225","28-08-2008","Gujarati","Daily","DEVEN RATILAL VARMA","DEVEN RATILAL VARMA","Gujarat","Ahmedabad"
"936","AAPNU GUJARAT","48879","12-12-2005","Gujarati","Weekly","DEVEN RATILAL VARMA","DEVEN RATILAL VARMA","Gujarat","Ahmedabad"
"937","AAPNU MAHANAGAR","GUJGUJ/2012/46332","12-11-2012","Gujarati","Weekly","PATEL SUCHITA BHUPENDRABHAI","PATEL SUCHITA BHUPENDRABHAI","Gujarat","Surat"
"938","AAPNU SANDESH","GJGUJ/25/A3640","30-10-2025","Gujarati","Fortnightly","Ektodawala Firdosbanu","Ektodawala Firdosbanu","Gujarat","Ahmedabad"
"939","AAPNU VICHAR VALONUN","GUJGUJ/2013/49313","23-04-2013","Gujarati","Monthly","PRATIKSHA LAHERI","VICHAR VALONUN PARIVAR","Gujarat","Ahmedabad"
"940","AAPRI CHITTHI","RAJHIN/2016/70481","27-02-2017","Hindi","Fortnightly","MAYA GAUTAM","MAYA GAUTAM","Rajasthan","Kota"
"941","AAPSI PREM","MPHIN/2023/88566","20-08-2024","HINDI","Weekly","KIRAN THAKUR","KIRAN THAKUR","Madhya Pradesh","Bhopal"
"942","AAPSI VICHAR PARCHAR","43099","05-03-1987","BILINGUAL","Weekly","PARAMJIT KAUR","PARAMJIT KAUR","Delhi","New Delhi"
"943","Aaptak Jalna","MHHIN/26/A4235","25-05-2026","Hindi","Weekly","Syed Quadeer Syed Karim","Syed Quadeer Syed Karim","Maharashtra","Jalna"
"944","AAPTHA BANDHU","KARKAN/2023/88160","29-07-2024","KANNADA","Monthly","AMBARISH G","AMBARISH G","Karnataka","Bengaluru"
"945","AAPTUDU","APTEL/2010/35428","24-01-2011","Telugu","Weekly","RONANKI GOPALA RAO","RONANKI GOPALA RAO","Andhra Pradesh","Visakhapatnam"
"946","AARAAM PAARVAI","TNTAM/2018/77424","30-05-2019","Tamil","Daily","S. RAJESH KANNAN","S.RAJESH KANNAN","Tamil Nadu","Ramanathapuram"
"947","AARADHYA DARPAN TIMES","GUJHIN/2023/85399","30-11-2023","Hindi","Weekly","YADAV VINODKUMAR KAMLAPRASAD","YADAV VINODKUMAR KAMLAPRASAD","Gujarat","Surat"
"948","AARADHYA DARPAN TIMES","GUJGUJ/2022/83342","24-02-2023","Gujarati","Fortnightly","YADAV VINODKUMAR KAMLAPRASAD","YADAV VINODKUMAR KAMLAPRASAD","Gujarat","Surat"
"949","AARADHYA EXPRESS","MPBIL/2016/71107","11-04-2017","English, HINDI","Monthly","GAURAV","GAURAV","Madhya Pradesh","Ratlam"
"950","Aaradhya Kalyan","KNKAN/26/A3304","08-05-2026","Kannada","Daily","VANITA ASHTAGI","VANITA ASHTAGI","Karnataka","Kalaburagi"
"951","AARADHYA NEWS","TGTEL/26/A4522","02-06-2026","Telugu","Monthly","GOGIREDDY BRAHMA REDDY","GOGIREDDY BRAHMA REDDY","Telangana","Rangareddy"
"952","AARAKSHAKA LAHARI","KARKAN/2021/80425","29-09-2021","Kannada","Monthly","DR. D.C.RAJAPPA","DR.D.C.RAJAPPA","Karnataka","Bengaluru"
"953","AARAKSHAKARE NAMMA RAKSHAKARU","KNKAN/26/A3686","13-05-2026","Kannada","Monthly","R PRAMILA","R PRAMILA","Karnataka","Bengaluru"
"954","AARAM VIRAL","TNTAM/2017/74328","01-01-2018","Tamil","Fortnightly","N RAMACHANDRAN","N RAMACHANDRAN","Tamil Nadu","Kanniyakumari"
"955","AARAMBAM MALAR","TNTAM/2021/82375","17-10-2022","Tamil","Weekly","MOORTHYGOVINDHAN","MOORTHYGOVINDHAN","Tamil Nadu","Coimbatore"
"956","AARAMBH AUR ANTH","55811","16-07-1992","Hindi","Weekly","RAJEEV VASHISHT","RAJEEV VASHISHT","Uttar Pradesh","Meerut"
"957","AARAMBH EK DASTAK","UPHIN/2016/70266","31-01-2017","Hindi","Quarterly","MEENAKSHI SHARMA","MEENAKSHI SHARMA","Uttar Pradesh","Ghaziabad"
"958","Aarambh New Nagpur Yashogatha","MHBIL/25/A0577","28-05-2025","English, Marathi","Annual","Yash Sudesh Rajapure","Yash Sudesh Rajapure","Maharashtra","Nagpur"
"959","AARAMBH SHAKTI","MPHIN/2023/87215","08-05-2024","Hindi","Quarterly","SHADAB","SHADAB","Madhya Pradesh","Bhopal"
"960","Aarambh thi Agresar Gujarat","GJGUJ/26/A5577","29-06-2026","Gujarati","Fortnightly","Kayasth Jaydeep","Kayasth Jaydeep","Gujarat","Ahmedabad"
"961","AARAMBHA","KARKAN/2011/42220","15-05-2012","Kannada","Daily","RANJITH M.J.","RANJITH M.J.","Karnataka","Ramanagara"
"962","Aaramya News","MPHIN/26/A2732","17-04-2026","Hindi","Monthly","Kishan Swaroop Saxena","Kishan Swaroop Saxena","Madhya Pradesh","Vidisha"
"963","AARANI AGARATHAMIZH","TNTAM/26/A1794","20-03-2026","Tamil","Monthly","K KUMARESAN","K KUMARESAN","Tamil Nadu","Tiruvannamalai"
"964","AARAS PAARAS","72393","18-06-2012","Gujarati","Weekly","VASANT AMARSHI PURANI","MAHESH N. MANEK","Maharashtra","Mumbai"
"965","AARASA","20750","22-02-1972","Marathi","Weekly","C V BHISE","CHANDRASHEKHAR VISHRAM BHISE","Maharashtra","Ratnagiri"
"966","AARASA","71036","29-06-1999","Marathi","Weekly","CHANDRASHEKHAR VISHRAM BHISE","CHANDRASHEKHAR VISHRAM BHISE","Maharashtra","Ratnagiri"
"967","AARAV SEHER","HARHIN/2018/76547","14-12-2018","Hindi","Monthly","DEEPAK SHARMA","DEEPAK SHARMA","Haryana","Fatehabad"
"968","AARAV SOCH","UPHIN/2021/84383","19-05-2023","Hindi","Monthly","SUNEETA TIWARI","SUNEETA TIWARI","Uttar Pradesh","Lucknow"
"969","AARINI SAHITYA WARIDHI","MPBIL/2022/87375","27-05-2024","English, HINDI","Half Yearly","MEENU PANDEY","MEENU PANDEY","Madhya Pradesh","Bhopal"
"970","AARNA TIMES","UTTHIN/2023/86846","09-04-2024","Hindi","Fortnightly","ASHA BHATT","ASHA BHATT","Uttarakhand","Dehradun"
"971","AAROGYA CHIKITSA","MAHMAR/2018/77651","25-06-2019","Marathi","Monthly","DR. JAYANT B. JAHAGIRDAR","DR.JAYANT B. JAHAGIRDAR","Maharashtra","Jalgaon"
"972","AAROGYA DARSHAN","MAHMAR/2017/74343","01-01-2018","Marathi","Weekly","PARAMESHWAR SHRIRAM JAMDHADE","PARAMESHWAR SHRIRAM JAMDHADE","Maharashtra","Washim"
"973","AAROGYA DARSHINI","TELTEL/2015/61261","15-04-2015","Telugu","Fortnightly","DR. PAVUSHETTY SREEDHAR","PAVUSHETTY SREEDHAR","Telangana","Warangal"
"974","AAROGYA GANGA","UTTHIN/2010/35665","08-02-2011","Hindi","Weekly","SAROJNI SAKLANI","SAROJNI SAKLANI","Uttarakhand","Dehradun"
"975","AAROGYA HARIVILLU","TELTEL/2016/69804","29-12-2016","Telugu","Monthly","P. NARESH","P.NARESH","Telangana","Hyderabad"
"976","AAROGYA LAKSHMI","APBIL/2013/54326","31-01-2014","English, Telugu","Monthly","Rachamsetty Durga Sangameswara Prakash","Rachamsetty Durga Sangameswara Prakash","Andhra Pradesh","Hyderabad"
"977","AAROGYA POST","MPHIN/2018/77569","20-06-2019","Hindi","Monthly","DEEPALI MISHRA","DEEPALI MISHRA","Madhya Pradesh","Bhopal"
"978","AAROGYA SHASTRA","MAHMAR/2018/77296","07-05-2019","Marathi","Weekly","BABU VAJIR SHAIKH","BABU VAJIR SHAIKH","Maharashtra","Solapur"
"979","AAROGYA SPANDAN","MAHMAR/2008/27714","07-04-2010","Marathi","Monthly","SUDESH RAMKRISHNA BHOSLE","SUDESH RAMKRISHNA BHOSLE","Maharashtra","Satara"
"980","AAROGYA SUDHA","71734","28-09-1999","Hindi","Monthly","KULDEEP SINGH RAWAT","KULDEEP SINGH RAWAT","Madhya Pradesh","Bhopal"
"981","AAROGYA VARDHAN","DELHIN/2021/85650","27-10-2023","Hindi","Monthly","ANIL KUMAR","ANIL KUMAR","Delhi","New Delhi"
"982","AAROGYADOOT SAMACHAR","MHMUL/26/A4371","27-05-2026","Hindi, Marathi, English","Weekly","NARSING SHESHRAO BHURE","NARSING SHESHRAO BHURE","Maharashtra","Jalgaon"
"983","AAROGYAM SWASTHYA PATRIKA","RJBIL/25/A1723","07-07-2025","English, Hindi","Quarterly","Rakesh Kumar Sharma","Dr. Sarvepalli Radhakrishnan Rajasthan Ayurved University","Rajasthan","Jodhpur"
"984","AAROHI SAMBAD","UPHIN/2018/77212","25-04-2019","Hindi","Weekly","SUNEEL KUMAR","SUNEEL KUMAR","Uttar Pradesh","Pilibhit"
"985","AAROHI UDDGAR","RAJHIN/2010/30903","16-02-2010","Hindi","Fortnightly","ABHAY RAJ SINGH","ABHAY RAJ SINGH","Rajasthan","Jaipur"
"986","AAROKIYA ULAGAM","TNTAM/25/A0536","28-05-2025","Tamil","Monthly","ARUNACHALAM","ARUNACHALAM","Tamil Nadu","Chennai"
"987","AAROOP","65295","01-01-1996","Oriya","Weekly","MANORANJAN MISHRA","MANORANJAN MISHRA","Odisha","Sundargarh"
"988","AAROOP","ODIODI/2010/31361","15-03-2010","Oriya","Daily","MANORANJAN MISHRA","MANORANJAN MISHRA","Odisha","Jharsuguda"
"989","AAROP PATRA","MAHMAR/2008/25846","14-10-2008","Marathi","Weekly","SHAIKH ILIYAS","SHAIKH ILIYAS","Maharashtra","Jalna"
"990","AARSH JYOTI","UTTBIL/2008/23546","11-04-2008","Santhali, Hindi","Monthly","ACHARYA DHANANJAY","ACHARYA DHANANJAY","Uttarakhand","Dehradun"
"991","AARTHIK AUR SAMAJIK REFORM","DELHIN/2006/26410","04-12-2008","Hindi","Monthly","RAM NARESH SINHA NASHWAR","RAM NARESH SINHANASHWAR","Delhi","New Delhi"
"992","AARTHIK CHARCHE","KARENG/2016/69380","17-11-2016","English","Half Yearly","PRACHI PANDEY","FISCAL POLICY INSTITUTE","Karnataka","Bengaluru"
"993","AARTHIK SAMVAD","UPHIN/2023/84181","16-05-2023","Hindi","Weekly","BIRENDRA KUMAR SHUKLA","BIRENDRA KUMAR SHUKLA","Uttar Pradesh","Lucknow"
"994","AARUSHI SAMACHAR","UTTHIN/2012/45438","05-08-2013","Hindi","Weekly","PRABHAKAR SINGH RAWAT","PRABHAKAR SINGH RAWAT","Uttarakhand","Dehradun"
"995","AARUTHALIN DEVAN","TNTAM/2016/69402","07-12-2016","Tamil","Monthly","T. DAVID SHANMUGAM","T.DAVID SHANMUGAM","Tamil Nadu","Thiruvallur"
"996","AARVI KI AVRATI","UTTHIN/2022/81757","26-07-2022","Hindi","Weekly","RAVI PANWAR","RAVI PANWAR","Uttarakhand","Dehradun"
"997","AARVI SANDESH","UPHIN/25/A1751","07-07-2025","Hindi","Daily","TARUN JAISWAL","TARUN JAISWAL","Uttar Pradesh","Lucknow"
"998","AARVI SANDESH","UPHIN/25/A4271","21-11-2025","Hindi","Monthly","TARUN JAISWAL","TARUN JAISWAL","Uttar Pradesh","Lucknow"
"999","AARVIKA TIMES","MPHIN/2023/88591","20-08-2024","HINDI","Weekly","SURAJ KAHAR","SURAJ KAHAR","Madhya Pradesh","Chhindwara"
"1000","AARYA KARNATAKA","KARKAN/2022/89352","03-10-2024","KANNADA","Monthly","JAI JAGATH PRAKASH.S.K","JAI JAGATH PRAKASH S K","Karnataka","Bengaluru"